Timestamp,x,y,DL Th,UL Th,Delay,Signal Quality,Bit Error Rate,Registration Status,Serving Cell State,Duplex Mode,MCC,MNC,Cell ID,PCID,TAC,ARFCN,Band,NR_DL Bandwidth,RSRP,RSRQ,SINR,SCS,SRXLEV
2024-12-16 10:42:00,17.5321013257754,-3.58944664558078,0.0,0.0,0.000000,99,99,0,,,,,,,,,,,,,,,
2024-12-16 10:42:02,17.2593164787097,-3.60017437951167,0.0,0.0,0.000000,,,0,'NOCONN','TDD', 999,50,301,2,1,647232,78,3,-88,-11,28,1,3648
2024-12-16 10:42:03,17.0369946958293,-3.63087833047424,0.0,0.0,0.000000,99,99,0,'NOCONN','TDD', 999,50,301,2,1,647232,78,3,-95,-11,28,1,2689
2024-12-16 10:42:05,16.5558780749664,-3.62733262301003,0.0,0.0,0.000000,99,99,0,'NOCONN','TDD', 999,50,301,2,1,647232,78,3,-94,-11,29,1,2879
2024-12-16 10:42:06,16.0494261905233,-3.60094216630171,0.0,0.0,0.000000,99,99,0,'NOCONN','TDD', 999,50,301,2,1,647232,78,3,-92,-11,29,1,3136
2024-12-16 10:42:08,15.5993387377675,-3.59881315866735,0.0,0.0,0.000000,99,99,0,'NOCONN','TDD', 999,50,301,2,1,647232,78,3,-87,-11,26,1,3712
2024-12-16 10:42:09,15.3737269432532,-3.63355914890176,0.0,0.0,0.000000,,,,'NOCONN','TDD', 999,50,301,2,1,647232,78,3,-91,-11,26,1,3263
2024-12-16 10:42:11,15.1443809294138,-3.69709044760596,0.0,0.0,0.000000,,,,'NOCONN','TDD', 999,50,301,2,1,647232,78,3,-89,-11,20,1,3456
2024-12-16 10:42:12,14.7154788614385,-3.782518012562,0.0,0.0,0.000000,99,99,0,'NOCONN','TDD', 999,50,301,2,1,647232,78,3,-96,-11,20,1,2560
2024-12-16 10:42:15,14.2058459616512,-3.93350127190257,0.0,0.0,0.000000,99,99,0,'NOCONN','TDD', 999,50,301,2,1,647232,78,3,-86,-11,24,1,3967
2024-12-16 10:42:17,13.7177754257839,-3.96397316136515,0.0,0.0,0.000000,99,99,,'NOCONN','TDD', 999,50,301,2,1,647232,78,3,-94,-11,21,1,2879
2024-12-16 10:42:18,13.4731096567394,-3.95731742072984,0.0,0.0,0.000000,99,99,0,'NOCONN','TDD', 999,50,301,2,1,647232,78,3,-93,-11,19,1,3008
2024-12-16 10:42:19,13.237793318614,-3.95201369154767,0.0,0.0,0.000000,99,99,0,'NOCONN','TDD', 999,50,301,2,1,647232,78,3,-92,-11,26,1,3199
2024-12-16 10:42:20,12.9681098637946,-3.91540142187465,0.0,0.0,0.000000,99,99,0,,,,,,,,,,,,,,,
2024-12-16 10:42:21,12.7106408656659,-3.89461606201973,0.0,0.0,0.000000,99,99,,'NOCONN','TDD', 999,50,301,2,1,647232,78,3,-95,-11,17,1,2688
2024-12-16 10:42:22,12.4414215764199,-3.87724316788687,0.0,0.0,0.000000,99,99,0,'NOCONN','TDD', 999,50,301,2,1,647232,78,3,-95,-11,17,1,2688
2024-12-16 10:42:23,12.1957112982103,-3.87106945137181,0.0,0.0,0.000000,99,99,0,'NOCONN','TDD', 999,50,301,2,1,647232,78,3,-95,-11,17,1,2752
2024-12-16 10:42:24,11.9592898087594,-3.85438919017788,0.0,0.0,0.000000,,,0,'NOCONN','TDD', 999,50,301,2,1,647232,78,3,-90,-11,22,1,3328
2024-12-16 10:42:25,11.7142077020114,-3.85426682196817,0.0,0.0,0.000000,,,,'NOCONN','TDD', 999,50,301,2,1,647232,78,3,-99,-12,22,1,2177
2024-12-16 10:42:26,11.4709294162281,-3.82932141319045,0.0,0.0,0.000000,,,0,'NOCONN','TDD', 999,50,301,2,1,647232,78,3,-100,-11,12,1,2112
2024-12-16 10:42:29,10.6996540003508,-3.82000802513734,0.0,0.0,0.000000,99,99,,'NOCONN','TDD', 999,50,301,2,1,647232,78,3,-93,-11,13,1,3007
2024-12-16 10:42:31,10.0974927402279,-3.75393032622098,0.0,0.0,0.000000,,,,'NOCONN','TDD', 999,50,301,2,1,647232,78,3,-99,-11,16,1,2303
2024-12-16 10:42:32,9.80956448021231,-3.74316712496987,0.0,0.0,0.000000,99,99,0,'NOCONN','TDD', 999,50,301,2,1,647232,78,3,-95,-11,16,1,2752
2024-12-16 10:42:34,9.326262502911,-3.70940035085715,0.0,0.0,0.000000,99,99,0,'NOCONN','TDD', 999,50,301,2,1,647232,78,3,-95,-11,13,1,2752
2024-12-16 10:42:36,9.05475093453315,-3.70695632735936,0.0,0.0,0.000000,99,99,0,'NOCONN','TDD', 999,50,301,2,1,647232,78,3,-97,-11,13,1,2559
2024-12-16 10:42:37,8.93506218893661,-3.67780051276545,0.0,0.0,0.000000,99,99,0,'NOCONN','TDD', 999,50,301,2,1,647232,78,3,-90,-11,14,1,3455
2024-12-16 10:42:38,8.93362165106001,-3.66312820478474,0.0,0.0,0.000000,99,99,0,,,,,,,,,,,,,,,
2024-12-16 10:42:39,8.91010248117038,-3.66820200723246,0.0,0.0,0.000000,99,99,,'NOCONN','TDD', 999,50,301,2,1,647232,78,3,-81,-11,21,1,4542
2024-12-16 10:42:41,8.75102262636718,-3.82940213707136,0.0,0.0,0.000000,99,99,0,'NOCONN','TDD', 999,50,301,2,1,647232,78,3,-98,-11,13,1,2369
2024-12-16 10:42:42,8.35932725019991,-3.79914056917467,0.0,0.0,0.000000,,,,'NOCONN','TDD', 999,50,301,2,1,647232,78,3,-95,-11,13,1,2688
2024-12-16 10:42:43,8.01176170940447,-3.77221284976216,0.0,0.0,0.000000,99,99,0,'NOCONN','TDD', 999,50,301,2,1,647232,78,3,-98,-11,14,1,2368
2024-12-16 10:42:44,7.74080433059415,-3.75635900961417,0.0,0.0,0.000000,99,99,0,'NOCONN','TDD', 999,50,301,2,1,647232,78,3,-97,-11,15,1,2559
2024-12-16 10:42:47,7.15565420684931,-3.74502879142568,0.0,0.0,0.000000,99,99,0,'NOCONN','TDD', 999,50,301,2,1,647232,78,3,-94,-11,6,1,2879
2024-12-16 10:42:48,6.86259806326609,-3.74509055687876,0.0,0.0,0.000000,99,99,0,'NOCONN','TDD', 999,50,301,2,1,647232,78,3,-99,-11,6,1,2303
2024-12-16 10:42:50,6.3157959137262,-3.73728587311329,0.0,0.0,0.000000,99,99,0,'NOCONN','TDD', 999,50,301,2,1,647232,78,3,-103,-11,7,1,1728
2024-12-16 10:42:52,5.78582469987004,-3.73146614837467,0.0,0.0,0.000000,,,0,'NOCONN','TDD', 999,50,301,2,1,647232,78,3,-95,-12,10,1,2751
2024-12-16 10:42:53,5.53740510430864,-3.71718417042745,0.0,0.0,0.000000,,,0,'NOCONN','TDD', 999,50,301,2,1,647232,78,3,-95,-12,8,1,2751
2024-12-16 10:42:54,5.24027155899847,-3.70751862673678,0.0,0.0,0.000000,99,99,0,'NOCONN','TDD', 999,50,301,2,1,647232,78,3,-104,-14,1,1,1600
2024-12-16 10:42:55,4.9605918644199,-3.68868268190225,0.0,0.0,0.000000,,,0,'NOCONN','TDD', 999,50,301,2,1,647232,78,3,-102,-12,1,1,1856
2024-12-16 10:42:56,4.68353662685449,-3.67725072334457,0.0,0.0,0.000000,,,0,'NOCONN','TDD', 999,50,301,2,1,647232,78,3,-100,-12,21,1,2048
2024-12-16 10:42:57,4.42274771206017,-3.64548806878936,0.0,0.0,0.000000,99,99,0,'NOCONN','TDD', 999,50,301,2,1,647232,78,3,-100,-12,21,1,2048
2024-12-16 10:42:58,4.18758385146923,-3.63113044873655,0.0,0.0,0.000000,99,99,,'NOCONN','TDD', 999,50,301,2,1,647232,78,3,-104,-13,21,1,1663
2024-12-16 10:43:00,3.68206903443238,-3.58976280126717,0.0,0.0,0.000000,99,99,,,,,,,,,,,,,,,,
2024-12-16 10:43:01,3.43959433338623,-3.61995725280597,0.0,0.0,0.000000,99,99,0,,,,,,,,,,,,,,,
2024-12-16 10:43:03,2.94305233729219,-3.60961444954402,0.0,0.0,0.000000,99,99,0,'NOCONN','TDD', 999,50,301,2,1,647232,78,3,-98,-13,9,1,2354
2024-12-16 10:43:04,2.67564540995413,-3.59992347100163,0.0,0.0,0.000000,99,99,0,'NOCONN','TDD', 999,50,301,2,1,647232,78,3,-102,-12,9,1,1919
2024-12-16 10:43:07,2.20342671212276,-3.59508207240815,0.0,0.0,0.000000,99,99,0,'NOCONN','TDD', 999,50,301,2,1,647232,78,3,-101,-13,1,1,1983
2024-12-16 10:43:08,2.11336303194697,-3.58169902803682,0.0,0.0,0.000000,99,99,0,'NOCONN','TDD', 999,50,301,2,1,647232,78,3,-98,-12,1,1,2368
2024-12-16 10:43:09,2.03071830952756,-3.56934973290708,0.0,0.0,0.000000,99,99,,'NOCONN','TDD', 999,50,301,2,1,647232,78,3,-98,-12,6,1,2368
2024-12-16 10:43:29,2.02155187892569,-3.55633608799608,0.0,0.0,0.000000,99,99,0,'NOCONN','TDD', 999,50,301,2,1,647232,78,3,-95,-14,2,1,2752
2024-12-16 10:43:31,2.20507258694133,-3.52048280888808,0.0,0.0,0.000000,99,99,0,'NOCONN','TDD', 999,50,301,2,1,647232,78,3,-103,-17,1,1,1664
2024-12-16 10:43:32,2.4493575997388,-3.30182015592323,0.0,0.0,0.000000,,,,'NOCONN','TDD', 999,50,301,2,1,647232,78,3,-99,-20,1,1,2303
2024-12-16 10:43:33,2.63726189020603,-3.23830075093013,0.0,0.0,0.000000,99,99,,'NOCONN','TDD', 999,50,301,2,1,647232,78,3,-99,-17,1,1,2179
2024-12-16 10:43:34,2.91617448884093,-3.10686299637683,0.0,0.0,0.000000,99,99,0,'NOCONN','TDD', 999,50,301,2,1,647232,78,3,-92,-11,1,1,3198
2024-12-16 10:43:35,2.98694620065878,-3.13815539899761,0.0,0.0,0.000000,99,99,0,'NOCONN','TDD', 999,50,301,2,1,647232,78,3,-99,-12,1,1,2240
2024-12-16 10:43:36,5.38547181300492,-7.18220539993406,0.0,0.0,0.000000,99,99,0,'NOCONN','TDD', 999,50,301,2,1,647232,78,3,-99,-12,5,1,2240
2024-12-16 10:43:43,5.45194098107074,-6.93967231883105,0.0,0.0,0.000000,,,0,,,,,,,,,,,,,,,
2024-12-16 10:43:45,5.47739190778507,-6.68772207345944,0.0,0.0,0.000000,99,99,0,'NOCONN','TDD', 999,50,301,2,1,647232,78,3,-100,-15,7,1,2048
2024-12-16 10:43:46,5.51090811215595,-6.17442436456822,0.0,0.0,0.000000,99,99,0,'NOCONN','TDD', 999,50,301,2,1,647232,78,3,-92,-11,2,1,3135
2024-12-16 10:43:47,5.49417973576265,-5.92047314004887,0.0,0.0,0.000000,,,0,'NOCONN','TDD', 999,50,301,2,1,647232,78,3,-94,-11,14,1,2943
2024-12-16 10:43:48,5.43678689044467,-5.70932907778646,0.0,0.0,0.000000,99,99,0,'NOCONN','TDD', 999,50,301,2,1,647232,78,3,-98,-11,14,1,2368
2024-12-16 10:43:49,5.34974318595457,-5.4953346774802,0.0,0.0,0.000000,,,0,'NOCONN','TDD', 999,50,301,2,1,647232,78,3,-98,-11,16,1,2368
2024-12-16 10:43:50,5.27172667344132,-5.26164084089948,0.0,0.0,0.000000,99,99,0,'NOCONN','TDD', 999,50,301,2,1,647232,78,3,-96,-11,9,1,2623
2024-12-16 10:43:51,5.32678551462564,-4.59158368325216,0.0,0.0,0.000000,99,99,0,'NOCONN','TDD', 999,50,301,2,1,647232,78,3,-96,-11,8,1,2623
2024-12-16 10:43:54,5.56777508473263,-4.15259987758588,0.0,0.0,0.000000,99,99,0,'NOCONN','TDD', 999,50,301,2,1,647232,78,3,-92,-11,21,1,3136
2024-12-16 10:43:55,5.77524044939689,-3.93999203078885,0.0,0.0,0.000000,,,,,,,,,,,,,,,,,,
2024-12-16 10:43:56,5.98986435945989,-3.79537921148251,0.0,0.0,0.000000,99,99,0,'NOCONN','TDD', 999,50,301,2,1,647232,78,3,-92,-11,21,1,3072
2024-12-16 10:43:57,6.18797537165107,-3.70227982403419,0.0,0.0,0.000000,99,99,0,,,,,,,,,,,,,,,
2024-12-16 10:43:58,6.42147994391671,-3.60826592402604,0.0,0.0,0.000000,99,99,0,'NOCONN','TDD', 999,50,301,2,1,647232,78,3,-90,-11,21,1,3328
2024-12-16 10:43:59,6.99382261615616,-3.352887153242,0.0,0.0,0.000000,99,99,0,'NOCONN','TDD', 999,50,301,2,1,647232,78,3,-98,-11,17,1,2304
2024-12-16 10:44:01,7.24126796097228,-3.00064696543971,0.0,0.0,0.000000,99,99,0,,,,,,,,,,,,,,,
2024-12-16 10:44:02,7.05470068479182,-2.94809604874332,0.0,0.0,0.000000,99,99,0,'NOCONN','TDD', 999,50,301,2,1,647232,78,3,-95,-11,13,1,2752
2024-12-16 10:44:03,6.99085602484736,-3.09526912866313,0.0,0.0,0.000000,,,0,'NOCONN','TDD', 999,50,301,2,1,647232,78,3,-95,-11,12,1,2752
2024-12-16 10:44:04,7.23141733854533,-3.30465650228323,0.0,0.0,0.000000,99,99,,'NOCONN','TDD', 999,50,301,2,1,647232,78,3,-92,-11,29,1,3199
2024-12-16 10:44:07,8.00656877437007,-3.35818429233388,0.0,0.0,0.000000,,,0,'NOCONN','TDD', 999,50,301,2,1,647232,78,3,-87,-11,24,1,3712
2024-12-16 10:44:08,8.33643397071683,-3.35800027872742,0.0,0.0,0.000000,99,99,0,'NOCONN','TDD', 999,50,301,2,1,647232,78,3,-87,-11,24,1,3839
2024-12-16 10:44:10,8.65209511067314,-3.36203980351793,0.0,0.0,0.000000,99,99,0,'NOCONN','TDD', 999,50,301,2,1,647232,78,3,-92,-11,29,1,3072
2024-12-16 10:44:11,8.97935867044407,-3.36225289253745,0.0,0.0,0.000000,99,99,0,'NOCONN','TDD', 999,50,301,2,1,647232,78,3,-91,-11,25,1,3263
2024-12-16 10:44:12,9.28442647291763,-3.36855692966136,0.0,0.0,0.000000,99,99,0,'NOCONN','TDD', 999,50,301,2,1,647232,78,3,-91,-11,25,1,3263
2024-12-16 10:44:13,9.56853339009961,-3.37990715936071,0.0,0.0,0.000000,99,99,0,'NOCONN','TDD', 999,50,301,2,1,647232,78,3,-93,-10,21,1,3008
2024-12-16 10:44:14,9.86653065588906,-3.36127110509477,0.0,0.0,0.000000,99,99,0,'NOCONN','TDD', 999,50,301,2,1,647232,78,3,-92,-11,21,1,3072
2024-12-16 10:44:15,10.1680721385406,-3.33989734803567,0.0,0.0,0.000000,99,99,,'NOCONN','TDD', 999,50,301,2,1,647232,78,3,-94,-11,21,1,2943
2024-12-16 10:44:17,10.4956230493339,-3.34290331325638,0.0,0.0,0.000000,99,99,0,'NOCONN','TDD', 999,50,301,2,1,647232,78,3,-92,-11,22,1,3136
2024-12-16 10:44:18,10.8592690548899,-3.36754779749011,0.0,0.0,0.000000,,,0,,,,,,,,,,,,,,,
2024-12-16 10:44:21,11.5630964554406,-3.42103835641417,0.0,0.0,0.000000,99,99,0,'NOCONN','TDD', 999,50,301,2,1,647232,78,3,-90,-11,23,1,3328
2024-12-16 10:44:23,11.8605684091517,-3.48039524156591,0.0,0.0,0.000000,99,99,0,'NOCONN','TDD', 999,50,301,2,1,647232,78,3,-85,-11,28,1,3968
2024-12-16 10:44:24,12.1851325295535,-3.56443959524871,0.0,0.0,0.000000,99,99,0,'NOCONN','TDD', 999,50,301,2,1,647232,78,3,-85,-11,28,1,3968
2024-12-16 10:44:25,12.5193118044735,-3.63793362146174,0.0,0.0,0.000000,,,0,'NOCONN','TDD', 999,50,301,2,1,647232,78,3,-90,-11,25,1,3392
2024-12-16 10:44:26,12.8274194772421,-3.69067847953618,0.0,0.0,0.000000,99,99,0,'NOCONN','TDD', 999,50,301,2,1,647232,78,3,-87,-11,25,1,3712
2024-12-16 10:44:27,13.112709014633,-3.75634330491881,0.0,0.0,0.000000,99,99,0,'NOCONN','TDD', 999,50,301,2,1,647232,78,3,-89,-11,25,1,3583
2024-12-16 10:44:28,13.3801611671679,-3.80772471829429,0.0,0.0,0.000000,99,99,0,'NOCONN','TDD', 999,50,301,2,1,647232,78,3,-92,-11,24,1,3136
2024-12-16 10:44:30,13.6820617233907,-3.79346048709598,0.0,0.0,0.000000,99,99,,'NOCONN','TDD', 999,50,301,2,1,647232,78,3,-103,-11,24,1,1729
2024-12-16 10:44:31,13.9354100416687,-3.72568126430887,0.0,0.0,0.000000,,,0,'NOCONN','TDD', 999,50,301,2,1,647232,78,3,-103,-11,24,1,1729
2024-12-16 10:44:34,14.7768289822673,-3.74244738519716,0.0,0.0,0.000000,99,99,0,'NOCONN','TDD', 999,50,301,2,1,647232,78,3,-82,-11,28,1,4416
2024-12-16 10:44:36,15.1973214535109,-3.51191928506978,0.0,0.0,0.000000,99,99,0,'NOCONN','TDD', 999,50,301,2,1,647232,78,3,-84,-11,27,1,4159
2024-12-16 10:44:37,15.8941333833697,-4.04732565280283,0.0,0.0,0.000000,,,0,'NOCONN','TDD', 999,50,301,2,1,647232,78,3,-82,-11,27,1,4416
2024-12-16 10:44:39,16.3155431731813,-3.67271774515269,0.0,0.0,0.000000,99,99,0,'NOCONN','TDD', 999,50,301,2,1,647232,78,3,-89,-11,24,1,3583
2024-12-16 10:44:40,16.4687312741086,-3.50976329027931,0.0,0.0,0.000000,99,99,0,'NOCONN','TDD', 999,50,301,2,1,647232,78,3,-82,-11,24,1,4352
2024-12-16 10:44:41,16.6786747276577,-3.34162674243279,0.0,0.0,0.000000,99,99,0,'NOCONN','TDD', 999,50,301,2,1,647232,78,3,-82,-11,30,1,4352
2024-12-16 10:44:43,17.0807924809635,-3.0451391630489,0.0,0.0,0.000000,99,99,0,'NOCONN','TDD', 999,50,301,2,1,647232,78,3,-79,-11,31,1,4863
2024-12-16 10:44:44,17.2622688501491,-2.88733085918206,0.0,0.0,0.000000,99,99,0,'NOCONN','TDD', 999,50,301,2,1,647232,78,3,-79,-11,31,1,4863
2024-12-16 10:44:45,17.4349612709775,-2.6755682303309,0.0,0.0,0.000000,99,99,0,'NOCONN','TDD', 999,50,301,2,1,647232,78,3,-91,-11,26,1,3200
2024-12-16 10:44:47,17.6129594050898,-2.12883939255987,0.0,0.0,0.000000,99,99,0,'NOCONN','TDD', 999,50,301,2,1,647232,78,3,-95,-11,26,1,2688
2024-12-16 10:44:49,17.6315633189794,-1.80624765149119,0.0,0.0,0.000000,99,99,0,'NOCONN','TDD', 999,50,301,2,1,647232,78,3,-88,-11,26,1,3648
2024-12-16 10:44:50,17.6126280795897,-1.44639656524449,0.0,0.0,0.000000,99,99,0,'NOCONN','TDD', 999,50,301,2,1,647232,78,3,-92,-11,26,1,3199
2024-12-16 10:44:51,17.565527221728,-1.14538241448866,0.0,0.0,0.000000,99,99,,'NOCONN','TDD', 999,50,301,2,1,647232,78,3,-92,-11,29,1,3136
2024-12-16 10:44:53,17.5441775751898,-0.828437487579851,0.0,0.0,0.000000,99,99,0,,,,,,,,,,,,,,,
2024-12-16 10:44:54,17.3869978687993,-0.386430374554551,0.0,0.0,0.000000,,,0,,,,,,,,,,,,,,,
2024-12-16 10:44:55,17.4088462266675,-0.0807491773836843,0.0,0.0,0.000000,99,99,0,'NOCONN','TDD', 999,50,301,2,1,647232,78,3,-96,-11,23,1,2623
2024-12-16 10:44:56,17.4166266745792,0.198735207602158,0.0,0.0,0.000000,99,99,0,'NOCONN','TDD', 999,50,301,2,1,647232,78,3,-94,-11,23,1,2943
2024-12-16 10:44:58,17.2468673215909,0.655461457582855,0.0,0.0,0.000000,99,99,0,'NOCONN','TDD', 999,50,301,2,1,647232,78,3,-94,-11,24,1,2816
2024-12-16 10:45:02,17.5478008499301,1.49444219228115,0.0,0.0,0.000000,,,0,'NOCONN','TDD', 999,50,301,2,1,647232,78,3,-91,-11,13,1,3327
2024-12-16 10:45:03,16.8544502855263,1.29139448445759,0.0,0.0,0.000000,99,99,0,'NOCONN','TDD', 999,50,301,2,1,647232,78,3,-105,-12,13,1,1473
2024-12-16 10:45:04,16.6500967988763,1.36158286961599,0.0,0.0,0.000000,,,0,,,,,,,,,,,,,,,
2024-12-16 10:45:12,17.594713586293,1.5559895479571,0.0,0.0,0.000000,,,,'NOCONN','TDD', 999,50,301,2,1,647232,78,3,-101,-11,21,1,1920
2024-12-16 10:45:15,17.5577174338761,1.82347292601174,0.0,0.0,0.000000,99,99,0,'NOCONN','TDD', 999,50,301,2,1,647232,78,3,-97,-11,21,1,2559
2024-12-16 10:45:17,18.3252363808567,1.90508011688243,0.0,0.0,0.000000,99,99,0,'NOCONN','TDD', 999,50,301,2,1,647232,78,3,-95,-11,20,1,2688
2024-12-16 10:45:18,18.2740598653211,2.1809566623879,0.0,0.0,0.000000,99,99,0,'NOCONN','TDD', 999,50,301,2,1,647232,78,3,-95,-11,24,1,2688
2024-12-16 10:45:20,12.3075325746074,-0.923620275862228,0.0,0.0,0.000000,99,99,0,'NOCONN','TDD', 999,50,301,2,1,647232,78,3,-92,-11,24,1,3199
2024-12-16 10:45:21,12.3588323848254,-0.876479908459919,0.0,0.0,0.000000,99,99,0,'NOCONN','TDD', 999,50,301,2,1,647232,78,3,-92,-11,18,1,3072
2024-12-16 10:45:22,12.3751957672191,-0.858950035755351,0.0,0.0,0.000000,99,99,0,,,,,,,,,,,,,,,
2024-12-16 10:45:23,12.4877621662484,-0.875986440267422,0.0,0.0,0.000000,99,99,0,'NOCONN','TDD', 999,50,301,2,1,647232,78,3,-87,-11,18,1,3839
2024-12-16 10:45:24,12.6100300697666,-0.865075323102001,0.0,0.0,0.000000,99,99,0,'NOCONN','TDD', 999,50,301,2,1,647232,78,3,-89,-11,27,1,3583
2024-12-16 10:45:25,12.8555245379854,-0.995473561932482,0.0,0.0,0.000000,99,99,0,'NOCONN','TDD', 999,50,301,2,1,647232,78,3,-90,-11,27,1,3392
2024-12-16 10:45:26,12.9957820989064,-1.24764632098258,0.0,0.0,0.000000,99,99,0,'NOCONN','TDD', 999,50,301,2,1,647232,78,3,-94,-11,23,1,2943
2024-12-16 10:45:28,13.1959634602115,-1.401590160342,0.0,0.0,0.000000,99,99,,'NOCONN','TDD', 999,50,301,2,1,647232,78,3,-89,-11,26,1,3583
2024-12-16 10:46:15,17.6932962731375,2.16674998777954,0.0,0.0,0.000000,,,0,,,,,,,,,,,,,,,
2024-12-16 10:46:22,17.6534377628917,1.99564905789349,0.0,0.0,0.000000,99,99,0,'NOCONN','TDD', 999,50,301,2,1,647232,78,3,-91,-11,23,1,3263
2024-12-16 10:46:24,17.6632467537709,1.81015787149964,0.0,0.0,0.000000,99,99,0,'NOCONN','TDD', 999,50,301,2,1,647232,78,3,-90,-11,20,1,3392
2024-12-16 10:46:28,17.9781608704251,0.582364198105241,0.0,0.0,0.000000,,,0,'NOCONN','TDD', 999,50,301,2,1,647232,78,3,-84,-11,30,1,4159
2024-12-16 10:46:30,17.9760344784117,0.262777478191043,0.0,0.0,0.000000,99,99,0,,,,,,,,,,,,,,,
2024-12-16 10:46:32,17.9551654779649,-0.37770085549115,0.0,0.0,0.000000,99,99,,,,,,,,,,,,,,,,
2024-12-16 10:46:33,17.9317749869404,-0.681550981378274,0.0,0.0,0.000000,99,99,0,'NOCONN','TDD', 999,50,301,2,1,647232,78,3,-94,-11,21,1,2816
2024-12-16 10:46:35,17.8988079837894,-0.981410578415712,0.0,0.0,0.000000,99,99,0,'NOCONN','TDD', 999,50,301,2,1,647232,78,3,-82,-11,30,1,4416
2024-12-16 10:46:36,17.8250737186668,-1.28650334561817,0.0,0.0,0.000000,99,99,0,,,,,,,,,,,,,,,
2024-12-16 10:46:38,17.7910897555416,-1.58896151584488,0.0,0.0,0.000000,99,99,0,'NOCONN','TDD', 999,50,301,2,1,647232,78,3,-78,-11,34,1,4928
2024-12-16 10:46:40,17.7471193966384,-1.89340090250298,0.0,0.0,0.000000,99,99,0,,,,,,,,,,,,,,,
2024-12-16 10:46:41,17.6247269948917,-2.39620273945483,0.0,0.0,0.000000,99,99,0,'NOCONN','TDD', 999,50,301,2,1,647232,78,3,-79,-11,29,1,4863
2024-12-16 10:46:43,17.5653377207172,-2.62206446165754,0.0,0.0,0.000000,99,99,0,,,,,,,,,,,,,,,
2024-12-16 10:46:44,17.3701639102429,-2.92424495268769,0.0,0.0,0.000000,99,99,0,'NOCONN','TDD', 999,50,301,2,1,647232,78,3,-80,-11,27,1,4671
2024-12-16 10:46:46,17.1580549596737,-3.04339286758218,0.0,0.0,0.000000,,,,,,,,,,,,,,,,,,
2024-12-16 10:46:47,16.8833793068346,-3.11796289810707,0.0,0.0,0.000000,99,99,,'NOCONN','TDD', 999,50,301,2,1,647232,78,3,-89,-11,22,1,3456
2024-12-16 10:46:48,16.6354866864224,-3.22947010385274,0.0,0.0,0.000000,,,0,,,,,,,,,,,,,,,
2024-12-16 10:46:50,16.3172109341538,-3.26292331224121,0.0,0.0,0.000000,99,99,0,'NOCONN','TDD', 999,50,301,2,1,647232,78,3,-92,-11,23,1,3199
2024-12-16 10:46:51,16.0514501777413,-3.34575007583125,0.0,0.0,0.000000,99,99,0,'NOCONN','TDD', 999,50,301,2,1,647232,78,3,-84,-11,23,1,4222
2024-12-16 10:46:52,15.782545121533,-3.43625283791675,0.0,0.0,0.000000,,,0,'NOCONN','TDD', 999,50,301,2,1,647232,78,3,-84,-11,29,1,4222
2024-12-16 10:46:55,15.5610729755945,-3.5507770831021,0.0,0.0,0.000000,99,99,0,'NOCONN','TDD', 999,50,301,2,1,647232,78,3,-94,-11,26,1,2879
2024-12-16 10:46:56,15.2783127089711,-3.59835635685377,0.0,0.0,0.000000,99,99,0,'NOCONN','TDD', 999,50,301,2,1,647232,78,3,-92,-11,26,1,3072
2024-12-16 10:46:58,14.8657346788408,-3.54542852707554,0.0,0.0,0.000000,99,99,0,'NOCONN','TDD', 999,50,301,2,1,647232,78,3,-94,-11,20,1,2879
2024-12-16 10:46:59,14.6120529571905,-3.59835711798807,0.0,0.0,0.000000,99,99,0,,,,,,,,,,,,,,,
2024-12-16 10:47:00,14.3535314819126,-3.69449638080458,0.0,0.0,0.000000,99,99,0,'NOCONN','TDD', 999,50,301,2,1,647232,78,3,-91,-11,22,1,3263
2024-12-16 10:47:02,14.1035093279171,-3.80447080495321,0.0,0.0,0.000000,99,99,,,,,,,,,,,,,,,,
2024-12-16 10:47:03,13.9114847990283,-3.85291178131956,0.0,0.0,0.000000,99,99,0,'NOCONN','TDD', 999,50,301,2,1,647232,78,3,-97,-11,19,1,2559
2024-12-16 10:47:04,13.624332218169,-3.88751066667099,0.0,0.0,0.000000,99,99,0,'NOCONN','TDD', 999,50,301,2,1,647232,78,3,-92,-11,17,1,3199
2024-12-16 10:47:06,12.6834426611564,-3.91818672548037,0.0,0.0,0.000000,99,99,0,'NOCONN','TDD', 999,50,301,2,1,647232,78,3,-93,-11,23,1,3008
2024-12-16 10:47:08,12.0147510341483,-3.85714092610921,0.0,0.0,0.000000,99,99,0,'NOCONN','TDD', 999,50,301,2,1,647232,78,3,-95,-11,21,1,2688
2024-12-16 10:47:09,11.6759778612827,-3.87016865824172,0.0,0.0,0.000000,99,99,0,'NOCONN','TDD', 999,50,301,2,1,647232,78,3,-94,-11,21,1,2816
2024-12-16 10:47:11,11.3266220023078,-3.80872119912634,0.0,0.0,0.000000,99,99,0,'NOCONN','TDD', 999,50,301,2,1,647232,78,3,-94,-11,22,1,2943
2024-12-16 10:47:12,11.0106665827853,-3.79994209044744,0.0,0.0,0.000000,99,99,0,'NOCONN','TDD', 999,50,301,2,1,647232,78,3,-100,-11,19,1,2049
2024-12-16 10:47:14,10.6798854157893,-3.78641954886855,0.0,0.0,0.000000,99,99,0,'NOCONN','TDD', 999,50,301,2,1,647232,78,3,-95,-11,19,1,2688
2024-12-16 10:47:15,10.3413572892932,-3.81506410476898,0.0,0.0,0.000000,99,99,0,'NOCONN','TDD', 999,50,301,2,1,647232,78,3,-89,-11,19,1,3456
2024-12-16 10:47:17,9.9972132406829,-3.8396439615773,0.0,0.0,0.000000,99,99,0,'NOCONN','TDD', 999,50,301,2,1,647232,78,3,-103,-12,20,1,1664
2024-12-16 10:47:18,9.65072145255695,-3.85825962955706,0.0,0.0,0.000000,99,99,0,,,,,,,,,,,,,,,
2024-12-16 10:47:20,9.34058076713515,-3.91080072518581,0.0,0.0,0.000000,99,99,0,'NOCONN','TDD', 999,50,301,2,1,647232,78,3,-94,-11,26,1,2816
2024-12-16 10:47:22,8.75030703199893,-3.86572497556144,0.0,0.0,0.000000,99,99,0,'NOCONN','TDD', 999,50,301,2,1,647232,78,3,-98,-11,16,1,2368
2024-12-16 10:47:23,8.45368136600097,-3.96161770207376,0.0,0.0,0.000000,99,99,0,'NOCONN','TDD', 999,50,301,2,1,647232,78,3,-98,-11,8,1,2368
2024-12-16 10:47:24,7.99113574234172,-3.81889023066087,0.0,0.0,0.000000,,,,'NOCONN','TDD', 999,50,301,2,1,647232,78,3,-98,-11,13,1,2368
2024-12-16 10:47:25,7.74052331518301,-3.7731359126579,0.0,0.0,0.000000,,,,'NOCONN','TDD', 999,50,301,2,1,647232,78,3,-92,-11,13,1,3198
2024-12-16 10:47:26,7.3756144106486,-3.81879553579983,0.0,0.0,0.000000,99,99,,'NOCONN','TDD', 999,50,301,2,1,647232,78,3,-99,-12,14,1,2240
2024-12-16 10:47:29,7.05524602531249,-3.83960894796674,0.0,0.0,0.000000,,,0,'NOCONN','TDD', 999,50,301,2,1,647232,78,3,-101,-12,13,1,1983
2024-12-16 10:47:30,6.71120711211415,-4.02576474933745,0.0,0.0,0.000000,99,99,0,,,,,,,,,,,,,,,
2024-12-16 10:47:42,6.40500503292884,-3.78394581453565,0.0,0.0,0.000000,99,99,0,'NOCONN','TDD', 999,50,301,2,1,647232,78,3,-97,-11,13,1,2432
2024-12-16 10:47:43,6.23504290512249,-4.01553972860011,0.0,0.0,0.000000,99,99,0,'NOCONN','TDD', 999,50,301,2,1,647232,78,3,-94,-12,13,1,2879
2024-12-16 10:47:44,5.96255375440612,-3.85512307174365,0.0,0.0,0.000000,99,99,0,'NOCONN','TDD', 999,50,301,2,1,647232,78,3,-95,-12,14,1,2752
2024-12-16 10:47:45,5.67341147915284,-3.96800188242857,0.0,0.0,0.000000,99,99,0,'NOCONN','TDD', 999,50,301,2,1,647232,78,3,-96,-11,14,1,2623
2024-12-16 10:47:46,5.39819779210285,-4.02396283009772,0.0,0.0,0.000000,,,,'NOCONN','TDD', 999,50,301,2,1,647232,78,3,-96,-11,14,1,2623
2024-12-16 10:47:49,5.08362583426388,-3.97004774876389,0.0,0.0,0.000000,99,99,0,'NOCONN','TDD', 999,50,301,2,1,647232,78,3,-96,-13,11,1,2623
2024-12-16 10:47:50,4.7516956844742,-3.95566857186999,0.0,0.0,0.000000,99,99,0,'NOCONN','TDD', 999,50,301,2,1,647232,78,3,-100,-14,11,1,2112
2024-12-16 10:47:52,4.13722403182686,-3.97725664573586,0.0,0.0,0.000000,99,99,0,'NOCONN','TDD', 999,50,301,2,1,647232,78,3,-100,-15,1,1,2048
2024-12-16 10:47:54,3.51819088889082,-3.7830831457634,0.0,0.0,0.000000,99,99,,'NOCONN','TDD', 999,50,301,2,1,647232,78,3,-100,-15,1,1,2112
2024-12-16 10:47:55,3.43633331684102,-3.94294592329177,0.0,0.0,0.000000,99,99,0,'NOCONN','TDD', 999,50,301,2,1,647232,78,3,-100,-17,1,1,2048
2024-12-16 10:47:56,3.01235696004931,-3.78632680545238,0.0,0.0,0.000000,99,99,0,'NOCONN','TDD', 999,50,301,2,1,647232,78,3,-99,-14,1,1,2239
2024-12-16 10:47:57,2.69164766452677,-3.75692150208874,0.0,0.0,0.000000,99,99,0,'NOCONN','TDD', 999,50,301,2,1,647232,78,3,-97,-13,1,1,2559
2024-12-16 10:47:58,2.49136954277665,-3.76174695955763,0.0,0.0,0.000000,99,99,0,'NOCONN','TDD', 999,50,301,2,1,647232,78,3,-99,-15,3,1,2176
2024-12-16 10:48:01,1.88649066830287,-3.82827812447748,0.0,0.0,0.000000,99,99,0,,,,,,,,,,,,,,,
2024-12-16 10:48:02,1.51030686644537,-3.80596642322001,0.0,0.0,0.000000,99,99,,,,,,,,,,,,,,,,
2024-12-16 10:48:03,1.13132015727484,-3.79659154727562,0.0,0.0,0.000000,99,99,,'NOCONN','TDD', 999,50,301,2,1,647232,78,3,-99,-15,1,1,2229
2024-12-16 10:48:06,0.336511453416969,-3.80168040125419,0.0,0.0,0.000000,99,99,0,'NOCONN','TDD', 999,50,301,2,1,647232,78,3,-100,-14,1,1,2112
2024-12-16 10:48:07,-0.0614413226998908,-3.73236374304125,0.0,0.0,0.000000,99,99,0,'NOCONN','TDD', 999,50,301,2,1,647232,78,3,-100,-13,2,1,2048
2024-12-16 10:48:08,-0.460802247255782,-3.80826068278316,0.0,0.0,0.000000,99,99,0,'NOCONN','TDD', 999,50,301,2,1,647232,78,3,-99,-12,2,1,2239
2024-12-16 10:48:10,-0.850171213322387,-3.81318960784988,0.0,0.0,0.000000,99,99,0,'NOCONN','TDD', 999,50,301,2,1,647232,78,3,-101,-12,12,1,1983
2024-12-16 10:48:11,-1.2069365496921,-3.77595172600826,0.0,0.0,0.000000,99,99,0,'NOCONN','TDD', 999,50,301,2,1,647232,78,3,-97,-12,8,1,2496
2024-12-16 10:48:12,-1.57504685116141,-3.6835028126493,0.0,0.0,0.000000,99,99,0,,,,,,,,,,,,,,,
2024-12-16 10:48:14,-2.02337772539466,-3.5149397896361,0.0,0.0,0.000000,99,99,,'NOCONN','TDD', 999,50,301,2,1,647232,78,3,-108,-17,7,1,1088
2024-12-16 10:48:15,-2.55220060600632,-3.61131825436508,0.0,0.0,0.000000,99,99,0,'NOCONN','TDD', 999,50,301,2,1,647232,78,3,-96,-11,9,1,2622
2024-12-16 10:48:17,-3.07101674274761,-3.64150525708648,0.0,0.0,0.000000,99,99,0,,,,,,,,,,,,,,,
2024-12-16 10:48:19,-3.39910373945256,-3.63081376869005,0.0,0.0,0.000000,99,99,0,,,,,,,,,,,,,,,
2024-12-16 10:48:22,-4.0503209925296,-3.61589476028012,0.0,0.0,0.000000,99,99,0,'NOCONN','TDD', 999,50,301,2,1,647232,78,3,-99,-12,3,1,2239
2024-12-16 10:48:23,-4.3936766299875,-3.62788855121231,0.0,0.0,0.000000,99,99,0,,,,,,,,,,,,,,,
2024-12-16 10:48:25,-4.75749769286509,-3.63655290270632,0.0,0.0,0.000000,99,99,,'NOCONN','TDD', 999,50,301,2,1,647232,78,3,-107,-12,1,1,1152
2024-12-16 10:48:26,-5.09470573514776,-3.62800701856303,0.0,0.0,0.000000,99,99,0,'NOCONN','TDD', 999,50,301,2,1,647232,78,3,-102,-12,1,1,1919
2024-12-16 10:48:27,-5.41457465611058,-3.6278933734117,0.0,0.0,0.000000,99,99,,'NOCONN','TDD', 999,50,301,2,1,647232,78,3,-100,-12,13,1,2112
2024-12-16 10:48:28,-5.79209342056745,-3.65025404284128,0.0,0.0,0.000000,99,99,0,'NOCONN','TDD', 999,50,301,2,1,647232,78,3,-105,-14,13,1,1408
2024-12-16 10:48:30,-6.10378688929567,-3.71590035816825,0.0,0.0,0.000000,99,99,0,'NOCONN','TDD', 999,50,301,2,1,647232,78,3,-104,-12,7,1,1599
2024-12-16 10:48:31,-6.45017494664566,-3.81506351936281,0.0,0.0,0.000000,99,99,0,,,,,,,,,,,,,,,
2024-12-16 10:48:32,-6.75158596225855,-3.89835562193324,0.0,0.0,0.000000,99,99,0,'NOCONN','TDD', 999,50,301,2,1,647232,78,3,-102,-11,3,1,1856
2024-12-16 10:48:33,-7.05823811335978,-4.00957790789187,0.0,0.0,0.000000,,,,'NOCONN','TDD', 999,50,301,2,1,647232,78,3,-107,-14,9,1,1216
2024-12-16 10:48:36,-7.65156117967262,-4.19431203818276,0.0,0.0,0.000000,99,99,0,'NOCONN','TDD', 999,50,301,2,1,647232,78,3,-101,-12,4,1,1983
2024-12-16 10:48:37,-7.99293534698123,-4.24674737786561,0.0,0.0,0.000000,,,0,'NOCONN','TDD', 999,50,301,2,1,647232,78,3,-101,-12,1,1,1983
2024-12-16 10:48:38,-8.31646482583804,-4.22859028350429,0.0,0.0,0.000000,99,99,0,,,,,,,,,,,,,,,
2024-12-16 10:48:39,-8.63061525178444,-4.18472952353522,0.0,0.0,0.000000,99,99,0,'NOCONN','TDD', 999,50,301,2,1,647232,78,3,-99,-12,2,1,2239
2024-12-16 10:48:41,-8.92343189585339,-4.18159094517093,0.0,0.0,0.000000,,,0,,,,,,,,,,,,,,,
2024-12-16 10:48:42,-9.27699671503424,-4.17730934437893,0.0,0.0,0.000000,99,99,0,'NOCONN','TDD', 999,50,301,2,1,647232,78,3,-97,-12,9,1,2432
2024-12-16 10:48:44,-9.66675822727704,-4.19725297191373,0.0,0.0,0.000000,99,99,0,'NOCONN','TDD', 999,50,301,2,1,647232,78,3,-98,-14,5,1,2368
2024-12-16 10:48:45,-10.0582701680344,-4.16507452289829,0.0,0.0,0.000000,,,,,,,,,,,,,,,,,,
2024-12-16 10:48:48,-10.7480012567999,-4.14643563299705,0.0,0.0,0.000000,99,99,0,'NOCONN','TDD', 999,50,301,2,1,647232,78,3,-97,-12,7,1,2432
2024-12-16 10:48:49,-11.1279859264211,-4.11375822912226,0.0,0.0,0.000000,99,99,0,'NOCONN','TDD', 999,50,301,2,1,647232,78,3,-98,-12,7,1,2368
2024-12-16 10:48:51,-11.4939093396771,-4.0709981203087,0.0,0.0,0.000000,99,99,0,'NOCONN','TDD', 999,50,301,2,1,647232,78,3,-98,-12,9,1,2368
2024-12-16 10:48:52,-11.851760392606,-4.08135520769682,0.0,0.0,0.000000,99,99,,'NOCONN','TDD', 999,50,301,2,1,647232,78,3,-97,-12,2,1,2559
2024-12-16 10:48:53,-12.223950205515,-4.08281822265543,0.0,0.0,0.000000,,,,'NOCONN','TDD', 999,50,301,2,1,647232,78,3,-98,-11,8,1,2368
2024-12-16 10:48:55,-12.593396187296,-4.08028463607022,0.0,0.0,0.000000,99,99,0,'NOCONN','TDD', 999,50,301,2,1,647232,78,3,-100,-13,11,1,2112
2024-12-16 10:48:56,-12.9529564526127,-4.07814643714139,0.0,0.0,0.000000,99,99,0,'NOCONN','TDD', 999,50,301,2,1,647232,78,3,-100,-14,11,1,2112
2024-12-16 10:48:57,-13.3142385472511,-4.07788090675187,0.0,0.0,0.000000,99,99,0,'NOCONN','TDD', 999,50,301,2,1,647232,78,3,-97,-14,11,1,2432
2024-12-16 10:48:59,-13.6774753434458,-4.06952060803663,0.0,0.0,0.000000,99,99,0,'NOCONN','TDD', 999,50,301,2,1,647232,78,3,-107,-15,1,1,1152
2024-12-16 10:49:00,-14.0581906670986,-4.07472559346001,0.0,0.0,0.000000,99,99,0,'NOCONN','TDD', 999,50,301,2,1,647232,78,3,-99,-12,1,1,2238
2024-12-16 10:49:03,-14.7989814903345,-4.09116378004487,0.0,0.0,0.000000,99,99,0,,,,,,,,,,,,,,,
2024-12-16 10:49:04,-15.1041152568223,-4.12210741955799,0.0,0.0,0.000000,99,99,0,'NOCONN','TDD', 999,50,301,2,1,647232,78,3,-103,-16,6,1,1728
2024-12-16 10:49:05,-15.4242920817818,-4.1551913992027,0.0,0.0,0.000000,99,99,0,'NOCONN','TDD', 999,50,301,2,1,647232,78,3,-107,-22,1,1,1279
2024-12-16 10:49:07,-15.7447062612582,-4.15040427928144,0.0,0.0,0.000000,99,99,0,'NOCONN','TDD', 999,50,301,2,1,647232,78,3,-102,-14,1,1,1919
2024-12-16 10:49:08,-16.0403930580834,-4.08278162079513,0.0,0.0,0.000000,99,99,0,,,,,,,,,,,,,,,
2024-12-16 10:49:09,-16.3010840435735,-4.00408819672249,0.0,0.0,0.000000,99,99,0,'NOCONN','TDD', 999,50,301,2,1,647232,78,3,-102,-15,4,1,1792
2024-12-16 10:49:10,-16.5667628425295,-3.85651564389785,0.0,0.0,0.000000,99,99,0,'NOCONN','TDD', 999,50,301,2,1,647232,78,3,-103,-17,4,1,1728
2024-12-16 10:49:12,-16.8770375838907,-3.79621117157617,0.0,0.0,0.000000,99,99,0,'NOCONN','TDD', 999,50,301,2,1,647232,78,3,-104,-12,1,1,1599
2024-12-16 10:49:13,-17.205836286582,-3.72137108149653,0.0,0.0,0.000000,99,99,,,,,,,,,,,,,,,,
2024-12-16 10:49:14,-17.5224967172244,-3.81275021764717,0.0,0.0,0.000000,99,99,0,'NOCONN','TDD', 999,50,301,2,1,647232,78,3,-140,-40,1,1,-2967
2024-12-16 10:49:15,-17.6885307454449,-3.76947586164202,0.0,0.0,0.000000,99,99,0,'NOCONN','TDD', 999,50,301,2,1,647232,78,3,-101,-21,1,1,2045
2024-12-16 10:49:17,-17.7045704316845,-3.78342557870324,0.0,0.0,0.000000,99,99,0,'NOCONN','TDD', 999,50,301,2,1,647232,78,3,-100,-18,1,1,2048
2024-12-16 10:49:36,-17.6052944392148,-3.74542702375508,0.0,0.0,0.000000,99,99,0,'NOCONN','TDD', 999,50,301,2,1,647232,78,3,-102,-13,1,1,1919
2024-12-16 10:49:37,-17.4716056780672,-3.62828403826123,0.0,0.0,0.000000,99,99,0,'NOCONN','TDD', 999,50,301,2,1,647232,78,3,-102,-13,1,1,1919
2024-12-16 10:49:39,-17.3129888772671,-3.17816092819636,0.0,0.0,0.000000,99,99,0,'NOCONN','TDD', 999,50,301,2,1,647232,78,3,-140,-40,1,1,-3070
2024-12-16 10:49:41,-17.1026512860273,-2.56106241420919,0.0,0.0,0.000000,99,99,0,'NOCONN','TDD', 999,50,301,2,1,647232,78,3,-140,-40,1,1,-3070
2024-12-16 10:49:42,-16.9914631292501,-2.22505463145669,0.0,0.0,0.000000,99,99,0,'NOCONN','TDD', 999,50,301,2,1,647232,78,3,-108,-22,1,1,1086
2024-12-16 10:49:44,-16.8801722413478,-1.89144914864784,0.0,0.0,0.000000,99,99,0,'NOCONN','TDD', 999,50,301,2,1,647232,78,3,-140,-40,1,1,-3070
2024-12-16 10:49:45,-16.7683420868291,-1.58651458014494,0.0,0.0,0.000000,99,99,0,'NOCONN','TDD', 999,50,301,2,1,647232,78,3,-140,-40,1,1,-3072
2024-12-16 10:49:47,-16.6512060899121,-1.26035867357055,0.0,0.0,0.000000,,,,'NOCONN','TDD', 999,50,301,2,1,647232,78,3,-140,-40,1,1,-3072
2024-12-16 10:49:48,-16.5713376346698,-0.922155182494624,0.0,0.0,0.000000,99,99,0,'NOCONN','TDD', 999,50,301,2,1,647232,78,3,-140,-40,1,1,-3072
2024-12-16 10:49:49,-16.5535269554773,-0.608208944555571,0.0,0.0,0.000000,99,99,0,'NOCONN','TDD', 999,50,301,2,1,647232,78,3,-140,-40,1,1,-3072
2024-12-16 10:49:51,-16.5682173580629,-0.299873036570027,0.0,0.0,0.000000,99,99,0,'NOCONN','TDD', 999,50,301,2,1,647232,78,3,-140,-40,1,1,-3072
2024-12-16 10:49:52,-16.5768455934398,0.0254433904922653,0.0,0.0,0.000000,99,99,0,'NOCONN','TDD', 999,50,301,2,1,647232,78,3,-140,-40,1,1,-3072
2024-12-16 10:49:53,-16.5699423005595,0.312540690895826,0.0,0.0,0.000000,99,99,0,'NOCONN','TDD', 999,50,301,2,1,647232,78,3,-140,-40,1,1,-3072
2024-12-16 10:49:55,-16.553878825318,1.01165401259189,0.0,0.0,0.000000,99,99,0,'NOCONN','TDD', 999,50,301,2,1,647232,78,3,-140,-40,1,1,-3072
2024-12-16 10:49:57,-16.5436620728576,1.3422902669269,0.0,0.0,0.000000,99,99,0,'NOCONN','TDD', 999,50,101,0,1,647232,78,3,-89,-11,23,1,3583
2024-12-16 10:49:58,-16.530276255302,1.67863929512538,0.0,0.0,0.000000,99,99,0,,,,,,,,,,,,,,,
2024-12-16 10:50:00,-16.5284419970452,2.01093137792415,0.0,0.0,0.000000,99,99,0,'NOCONN','TDD', 999,50,101,0,1,647232,78,3,-89,-11,30,1,3583
2024-12-16 10:50:01,-16.5127819874448,2.32742812224243,0.0,0.0,0.000000,99,99,0,'NOCONN','TDD', 999,50,101,0,1,647232,78,3,-86,-11,30,1,3903
2024-12-16 10:50:02,-16.5032550154971,2.65840585899489,0.0,0.0,0.000000,99,99,,'NOCONN','TDD', 999,50,101,0,1,647232,78,3,-84,-11,28,1,4159
2024-12-16 10:50:03,-16.4957977043496,2.9674772449568,0.0,0.0,0.000000,99,99,0,'NOCONN','TDD', 999,50,101,0,1,647232,78,3,-89,-11,30,1,3583
2024-12-16 10:50:04,-16.508136116423,3.25360311991843,0.0,0.0,0.000000,99,99,,'NOCONN','TDD', 999,50,101,0,1,647232,78,3,-89,-11,25,1,3583
2024-12-16 10:50:05,-16.4976706588315,3.55059701550551,0.0,0.0,0.000000,,,,'NOCONN','TDD', 999,50,101,0,1,647232,78,3,-90,-11,25,1,3328
2024-12-16 10:50:07,-16.4224654449461,3.90927884702012,0.0,0.0,0.000000,99,99,0,'NOCONN','TDD', 999,50,101,0,1,647232,78,3,-87,-11,26,1,3776
2024-12-16 10:50:08,-16.3267855212817,4.22856937955602,0.0,0.0,0.000000,99,99,0,'NOCONN','TDD', 999,50,101,0,1,647232,78,3,-85,-11,26,1,3968
2024-12-16 10:50:10,-16.0431863818683,4.66718417223115,0.0,0.0,0.000000,99,99,0,'NOCONN','TDD', 999,50,101,0,1,647232,78,3,-90,-11,22,1,3392
2024-12-16 10:50:14,-15.1917099570264,4.98752867188766,0.0,0.0,0.000000,,,0,,,,,,,,,,,,,,,
2024-12-16 10:50:15,-14.8655851691121,4.96944656668411,0.0,0.0,0.000000,99,99,0,'NOCONN','TDD', 999,50,101,0,1,647232,78,3,-97,-11,18,1,2496
2024-12-16 10:50:16,-14.5605294162583,4.94077892952859,0.0,0.0,0.000000,99,99,0,'NOCONN','TDD', 999,50,101,0,1,647232,78,3,-100,-11,17,1,2048
2024-12-16 10:50:17,-14.2659599247377,4.92676621150975,0.0,0.0,0.000000,,,0,'NOCONN','TDD', 999,50,101,0,1,647232,78,3,-100,-11,17,1,2048
2024-12-16 10:50:19,-13.967896872952,4.93918142199515,0.0,0.0,0.000000,99,99,0,'NOCONN','TDD', 999,50,101,0,1,647232,78,3,-97,-12,6,1,2496
2024-12-16 10:50:20,-13.6815559426086,4.93466826615445,0.0,0.0,0.000000,,,0,'NOCONN','TDD', 999,50,101,0,1,647232,78,3,-99,-12,6,1,2239
2024-12-16 10:50:21,-13.4211180205491,4.93855830596402,0.0,0.0,0.000000,99,99,0,'NOCONN','TDD', 999,50,101,0,1,647232,78,3,-102,-12,14,1,1856
2024-12-16 10:50:22,-13.1328049658983,4.93712187456103,0.0,0.0,0.000000,99,99,0,'NOCONN','TDD', 999,50,101,0,1,647232,78,3,-96,-11,9,1,2623
2024-12-16 10:50:23,-12.859227072012,4.94287132483235,0.0,0.0,0.000000,99,99,0,'NOCONN','TDD', 999,50,101,0,1,647232,78,3,-97,-12,9,1,2559
2024-12-16 10:50:24,-12.5854285066675,4.93389633755938,0.0,0.0,0.000000,99,99,0,'NOCONN','TDD', 999,50,101,0,1,647232,78,3,-97,-12,10,1,2559
2024-12-16 10:50:25,-12.2885350866244,4.95579003230502,0.0,0.0,0.000000,99,99,0,'NOCONN','TDD', 999,50,101,0,1,647232,78,3,-100,-12,16,1,2112
2024-12-16 10:50:28,-11.6748453909234,4.97163561993809,0.0,0.0,0.000000,99,99,0,'NOCONN','TDD', 999,50,101,0,1,647232,78,3,-98,-11,5,1,2368
2024-12-16 10:50:29,-11.350141760679,4.95030817300062,0.0,0.0,0.000000,99,99,0,'NOCONN','TDD', 999,50,101,0,1,647232,78,3,-99,-12,6,1,2176
2024-12-16 10:50:30,-11.0422487901874,4.91314931870095,0.0,0.0,0.000000,99,99,0,'NOCONN','TDD', 999,50,101,0,1,647232,78,3,-99,-11,6,1,2303
2024-12-16 10:50:31,-10.7410594671079,4.86807860493512,0.0,0.0,0.000000,99,99,0,'NOCONN','TDD', 999,50,101,0,1,647232,78,3,-99,-11,6,1,2303
2024-12-16 10:50:32,-10.4189217292545,4.76996260603859,0.0,0.0,0.000000,,,0,'NOCONN','TDD', 999,50,101,0,1,647232,78,3,-104,-12,4,1,1536
2024-12-16 10:50:34,-10.1081052366931,4.64113211671999,0.0,0.0,0.000000,99,99,0,'NOCONN','TDD', 999,50,101,0,1,647232,78,3,-111,-17,3,1,703
2024-12-16 10:50:35,-9.76791431755903,4.52135331584779,0.0,0.0,0.000000,99,99,,'NOCONN','TDD', 999,50,101,0,1,647232,78,3,-112,-22,1,1,512
2024-12-16 10:50:36,-9.43926167564805,4.4019260771787,0.0,0.0,0.000000,,,0,'NOCONN','TDD', 999,50,101,0,1,647232,78,3,-97,-12,1,1,2559
2024-12-16 10:50:56,-9.29180363498485,4.37620793937031,0.0,0.0,0.000000,99,99,0,'NOCONN','TDD', 999,50,101,0,1,647232,78,3,-102,-12,1,1,1919
2024-12-16 10:50:57,-9.23674613156609,4.37857544981543,0.0,0.0,0.000000,99,99,0,'NOCONN','TDD', 999,50,101,0,1,647232,78,3,-102,-12,8,1,1919
2024-12-16 10:50:58,-9.30597961345235,4.27807043085365,0.0,0.0,0.000000,99,99,0,'NOCONN','TDD', 999,50,101,0,1,647232,78,3,-102,-11,8,1,1792
2024-12-16 10:51:01,-9.82870490281299,4.3616743001604,0.0,0.0,0.000000,99,99,0,'NOCONN','TDD', 999,50,101,0,1,647232,78,3,-91,-11,22,1,3263
2024-12-16 10:51:02,-10.1102299298198,4.41025028426881,0.0,0.0,0.000000,99,99,0,'NOCONN','TDD', 999,50,101,0,1,647232,78,3,-90,-11,23,1,3328
2024-12-16 10:51:04,-10.6471855892826,4.46785124224779,0.0,0.0,0.000000,,,0,'NOCONN','TDD', 999,50,101,0,1,647232,78,3,-90,-11,22,1,3328
2024-12-16 10:51:05,-10.9030694094087,4.48416058921984,0.0,0.0,0.000000,99,99,0,'NOCONN','TDD', 999,50,101,0,1,647232,78,3,-92,-11,14,1,3136
2024-12-16 10:51:06,-11.1657055449044,4.52462637994524,0.0,0.0,0.000000,99,99,0,'NOCONN','TDD', 999,50,101,0,1,647232,78,3,-95,-11,14,1,2752
2024-12-16 10:51:07,-11.4217994727971,4.54776463537903,0.0,0.0,0.000000,99,99,0,'NOCONN','TDD', 999,50,101,0,1,647232,78,3,-101,-12,24,1,1983
2024-12-16 10:51:08,-11.6787079885845,4.56672917791339,0.0,0.0,0.000000,99,99,0,'NOCONN','TDD', 999,50,101,0,1,647232,78,3,-93,-11,13,1,3008
2024-12-16 10:51:09,-11.9404264427624,4.58832142161914,0.0,0.0,0.000000,99,99,,'NOCONN','TDD', 999,50,101,0,1,647232,78,3,-88,-11,13,1,3648
2024-12-16 10:51:11,-12.2073057998014,4.60944841932422,0.0,0.0,0.000000,99,99,0,'NOCONN','TDD', 999,50,101,0,1,647232,78,3,-92,-11,25,1,3199
2024-12-16 10:51:12,-12.4656156259689,4.60816140735307,0.0,0.0,0.000000,99,99,0,'NOCONN','TDD', 999,50,101,0,1,647232,78,3,-93,-11,21,1,3008
2024-12-16 10:51:13,-12.7171426434097,4.62700051643804,0.0,0.0,0.000000,99,99,0,'NOCONN','TDD', 999,50,101,0,1,647232,78,3,-94,-11,8,1,2879
2024-12-16 10:51:14,-13.0050205392477,4.6673572785204,0.0,0.0,0.000000,99,99,0,'NOCONN','TDD', 999,50,101,0,1,647232,78,3,-92,-11,18,1,3199
2024-12-16 10:51:15,-13.306004245256,4.73041972103389,0.0,0.0,0.000000,99,99,0,,,,,,,,,,,,,,,
2024-12-16 10:51:16,-13.5936117867021,4.78720681461447,0.0,0.0,0.000000,99,99,,'NOCONN','TDD', 999,50,101,0,1,647232,78,3,-104,-12,10,1,1536
2024-12-16 10:51:17,-13.8603818127025,4.82088120637824,0.0,0.0,0.000000,99,99,0,'NOCONN','TDD', 999,50,101,0,1,647232,78,3,-92,-11,18,1,3136
2024-12-16 10:51:18,-14.1426122838591,4.84953363074779,0.0,0.0,0.000000,99,99,0,,,,,,,,,,,,,,,
2024-12-16 10:51:21,-14.6861105530132,4.87146319139386,0.0,0.0,0.000000,,,0,,,,,,,,,,,,,,,
2024-12-16 10:51:22,-14.9950952380232,4.90972345769727,0.0,0.0,0.000000,99,99,0,,,,,,,,,,,,,,,
2024-12-16 10:51:23,-15.2863744833169,4.94479910458379,0.0,0.0,0.000000,,,,,,,,,,,,,,,,,,
2024-12-16 10:51:24,-15.5653284042828,4.93896887455112,0.0,0.0,0.000000,99,99,0,'NOCONN','TDD', 999,50,101,0,1,647232,78,3,-88,-11,28,1,3648
2024-12-16 10:51:25,-15.8259606532591,4.90731454564772,0.0,0.0,0.000000,,,,'NOCONN','TDD', 999,50,101,0,1,647232,78,3,-85,-11,27,1,4032
2024-12-16 10:51:26,-16.0985878858636,4.84343064139395,0.0,0.0,0.000000,99,99,,'NOCONN','TDD', 999,50,101,0,1,647232,78,3,-86,-11,32,1,3903
2024-12-16 10:51:27,-16.3615748810207,4.73588699113976,0.0,0.0,0.000000,99,99,0,'NOCONN','TDD', 999,50,101,0,1,647232,78,3,-85,-11,32,1,3968
2024-12-16 10:51:28,-16.6251496505139,4.60184745970768,0.0,0.0,0.000000,99,99,0,'NOCONN','TDD', 999,50,101,0,1,647232,78,3,-85,-11,32,1,4032
2024-12-16 10:51:30,-16.8902809267171,4.51799708781881,0.0,0.0,0.000000,99,99,0,,,,,,,,,,,,,,,
2024-12-16 10:51:31,-17.184602795198,4.42602670930571,0.0,0.0,0.000000,99,99,0,'NOCONN','TDD', 999,50,101,0,1,647232,78,3,-87,-11,28,1,3712
2024-12-16 10:51:33,-17.4081954611884,4.35389450262097,0.0,0.0,0.000000,99,99,0,,,,,,,,,,,,,,,
2024-12-16 10:51:34,-17.4865301395568,4.30133267658101,0.0,0.0,0.000000,99,99,0,'NOCONN','TDD', 999,50,101,0,1,647232,78,3,-89,-11,19,1,3583
2024-12-16 10:51:35,-17.5156523024193,4.32022157564879,0.0,0.0,0.000000,99,99,0,,,,,,,,,,,,,,,
2024-12-16 10:51:55,-17.4179995984459,4.31887800824636,0.0,0.0,0.000000,99,99,0,'NOCONN','TDD', 999,50,101,0,1,647232,78,3,-89,-11,15,1,3583
2024-12-16 10:51:57,-17.2664331282983,4.32300941714234,0.0,0.0,0.000000,,,0,'NOCONN','TDD', 999,50,101,0,1,647232,78,3,-89,-11,23,1,3583
2024-12-16 10:51:58,-17.0086798585719,4.39119545612612,0.0,0.0,0.000000,99,99,0,'NOCONN','TDD', 999,50,101,0,1,647232,78,3,-92,-11,23,1,3072
2024-12-16 10:52:00,-16.5368353607913,4.57260258075811,0.0,0.0,0.000000,,,,'NOCONN','TDD', 999,50,101,0,1,647232,78,3,-97,-11,23,1,2496
2024-12-16 10:52:02,-16.2944964105261,4.67725196323342,0.0,0.0,0.000000,99,99,0,'NOCONN','TDD', 999,50,101,0,1,647232,78,3,-95,-12,17,1,2752
2024-12-16 10:52:03,-15.8357012383116,4.86805386083265,0.0,0.0,0.000000,99,99,,'NOCONN','TDD', 999,50,101,0,1,647232,78,3,-99,-11,17,1,2239
2024-12-16 10:52:04,-15.3082228202702,4.97592269052213,0.0,0.0,0.000000,99,99,0,'NOCONN','TDD', 999,50,101,0,1,647232,78,3,-99,-11,15,1,2176
2024-12-16 10:52:05,-15.0134322427135,4.96681785340426,0.0,0.0,0.000000,99,99,0,'NOCONN','TDD', 999,50,101,0,1,647232,78,3,-99,-11,15,1,2176
2024-12-16 10:52:06,-14.7248284474897,4.96407199735651,0.0,0.0,0.000000,99,99,0,'NOCONN','TDD', 999,50,101,0,1,647232,78,3,-92,-11,15,1,3136
2024-12-16 10:52:08,-14.4370603597887,4.97683499045804,0.0,0.0,0.000000,99,99,0,'NOCONN','TDD', 999,50,101,0,1,647232,78,3,-99,-11,18,1,2303
2024-12-16 10:52:09,-14.1521876356738,4.97408641334946,0.0,0.0,0.000000,,,0,,,,,,,,,,,,,,,
2024-12-16 10:52:10,-13.8508701025464,4.96424159060568,0.0,0.0,0.000000,99,99,0,'NOCONN','TDD', 999,50,101,0,1,647232,78,3,-90,-11,10,1,3328
2024-12-16 10:52:11,-13.5974778719766,4.97413803313666,0.0,0.0,0.000000,99,99,0,'NOCONN','TDD', 999,50,101,0,1,647232,78,3,-90,-11,10,1,3328
2024-12-16 10:52:13,-13.0683039887918,4.99938373286176,0.0,0.0,0.000000,99,99,0,'NOCONN','TDD', 999,50,101,0,1,647232,78,3,-101,-12,19,1,1983
2024-12-16 10:52:15,-12.7866012710596,4.99505398164379,0.0,0.0,0.000000,99,99,0,'NOCONN','TDD', 999,50,101,0,1,647232,78,3,-103,-12,11,1,1728
2024-12-16 10:52:16,-12.5121931700346,5.01765882960206,0.0,0.0,0.000000,,,,'NOCONN','TDD', 999,50,101,0,1,647232,78,3,-102,-11,11,1,1856
2024-12-16 10:52:17,-11.9298225909655,5.03596462059593,0.0,0.0,0.000000,99,99,0,'NOCONN','TDD', 999,50,101,0,1,647232,78,3,-99,-12,6,1,2176
2024-12-16 10:52:19,-11.6375372549832,5.03747862191277,0.0,0.0,0.000000,99,99,0,'NOCONN','TDD', 999,50,101,0,1,647232,78,3,-102,-11,6,1,1856
2024-12-16 10:52:20,-11.3363875442641,5.01275212316378,0.0,0.0,0.000000,99,99,0,'NOCONN','TDD', 999,50,101,0,1,647232,78,3,-99,-11,11,1,2176
2024-12-16 10:52:21,-11.059520858355,5.02290869720125,0.0,0.0,0.000000,99,99,0,'NOCONN','TDD', 999,50,101,0,1,647232,78,3,-102,-12,11,1,1919
2024-12-16 10:52:22,-10.7616954445666,5.03575180083645,0.0,0.0,0.000000,99,99,0,,,,,,,,,,,,,,,
2024-12-16 10:52:23,-10.4777997489396,5.04841865172641,0.0,0.0,0.000000,99,99,0,'NOCONN','TDD', 999,50,101,0,1,647232,78,3,-103,-12,1,1,1728
2024-12-16 10:52:24,-10.1705812879371,5.02245867442682,0.0,0.0,0.000000,99,99,0,'NOCONN','TDD', 999,50,101,0,1,647232,78,3,-108,-14,1,1,1088
2024-12-16 10:52:25,-9.86656180918938,5.00081723823565,0.0,0.0,0.000000,99,99,,'NOCONN','TDD', 999,50,101,0,1,647232,78,3,-108,-14,1,1,1088
2024-12-16 10:52:27,-9.58709110948932,4.9957975257881,0.0,0.0,0.000000,99,99,0,'NOCONN','TDD', 999,50,101,0,1,647232,78,3,-97,-14,2,1,2496
2024-12-16 10:52:28,-9.29162919499642,4.99457559609096,0.0,0.0,0.000000,99,99,0,'NOCONN','TDD', 999,50,101,0,1,647232,78,3,-100,-12,1,1,2048
2024-12-16 10:52:29,-9.02524281848535,4.98396537562802,0.0,0.0,0.000000,,,0,'NOCONN','TDD', 999,50,101,0,1,647232,78,3,-106,-22,1,1,1343
2024-12-16 10:52:30,-8.71966349716017,4.98056930683164,0.0,0.0,0.000000,99,99,0,'NOCONN','TDD', 999,50,101,0,1,647232,78,3,-99,-12,3,1,2176
2024-12-16 10:52:31,-8.41521187559353,5.01260991660667,0.0,0.0,0.000000,99,99,0,'NOCONN','TDD', 999,50,101,0,1,647232,78,3,-112,-16,3,1,639
2024-12-16 10:52:32,-8.12715710889175,5.0364655543969,0.0,0.0,0.000000,,,0,'NOCONN','TDD', 999,50,101,0,1,647232,78,3,-112,-16,3,1,639
2024-12-16 10:52:33,-7.81733165994479,5.05211293543071,0.0,0.0,0.000000,99,99,0,'NOCONN','TDD', 999,50,101,0,1,647232,78,3,-102,-12,4,1,1856
2024-12-16 10:52:34,-7.53595934866846,5.08199037670379,0.0,0.0,0.000000,99,99,0,'NOCONN','TDD', 999,50,101,0,1,647232,78,3,-97,-11,4,1,2432
2024-12-16 10:52:36,-7.23345253327951,5.09949682527584,0.0,0.0,0.000000,,,0,'NOCONN','TDD', 999,50,101,0,1,647232,78,3,-102,-15,1,1,1919
2024-12-16 10:52:37,-6.95159252774651,5.07993238868302,0.0,0.0,0.000000,99,99,0,'NOCONN','TDD', 999,50,101,0,1,647232,78,3,-110,-14,1,1,832
2024-12-16 10:52:38,-6.66530536087369,5.0543233119773,0.0,0.0,0.000000,99,99,0,'NOCONN','TDD', 999,50,101,0,1,647232,78,3,-104,-14,1,1,1599
2024-12-16 10:52:40,-6.07319009148528,5.01305463062145,0.0,0.0,0.000000,99,99,,'NOCONN','TDD', 999,50,101,0,1,647232,78,3,-104,-14,1,1,1599
2024-12-16 10:52:41,-5.7643953777369,5.01052517533502,0.0,0.0,0.000000,99,99,0,'NOCONN','TDD', 999,50,101,0,1,647232,78,3,-105,-13,1,1,1472
2024-12-16 10:52:42,-5.47649109086759,5.00234467839649,0.0,0.0,0.000000,99,99,0,'NOCONN','TDD', 999,50,101,0,1,647232,78,3,-111,-17,1,1,703
2024-12-16 10:52:43,-5.15195368690881,4.91823353420244,0.0,0.0,0.000000,,,0,'NOCONN','TDD', 999,50,101,0,1,647232,78,3,-104,-12,1,1,1663
2024-12-16 10:52:44,-4.84639788270768,4.84102331166571,0.0,0.0,0.000000,99,99,,'NOCONN','TDD', 999,50,101,0,1,647232,78,3,-102,-15,1,1,1856
2024-12-16 10:52:45,-4.55783759463283,4.81811228570049,0.0,0.0,0.000000,99,99,0,'NOCONN','TDD', 999,50,101,0,1,647232,78,3,-104,-16,1,1,1599
2024-12-16 10:52:47,-4.26883413905178,4.84012698338101,0.0,0.0,0.000000,,,0,,,,,,,,,,,,,,,
2024-12-16 10:52:48,-4.00716618849779,4.85490572000606,0.0,0.0,0.000000,,,0,'NOCONN','TDD', 999,50,101,0,1,647232,78,3,-107,-15,1,1,1216
2024-12-16 10:52:49,-3.71320480874301,4.87420177353975,0.0,0.0,0.000000,99,99,,,,,,,,,,,,,,,,
2024-12-16 10:52:51,-3.36677625287743,4.87070001209801,0.0,0.0,0.000000,99,99,0,,,,,,,,,,,,,,,
2024-12-16 10:52:53,-2.71723364612145,4.83852654214657,0.0,0.0,0.000000,99,99,0,'NOCONN','TDD', 999,50,101,0,1,647232,78,3,-105,-14,1,1,1472
2024-12-16 10:52:54,-2.40011078547183,4.80891304868377,0.0,0.0,0.000000,99,99,,'NOCONN','TDD', 999,50,101,0,1,647232,78,3,-105,-14,2,1,1472
2024-12-16 10:52:56,-1.78098469731879,4.75200903208754,0.0,0.0,0.000000,99,99,0,'NOCONN','TDD', 999,50,101,0,1,647232,78,3,-105,-22,1,1,1408
2024-12-16 10:52:57,-1.46825410086349,4.72302101628515,0.0,0.0,0.000000,,,0,'NOCONN','TDD', 999,50,101,0,1,647232,78,3,-105,-22,1,1,1408
2024-12-16 10:52:58,-1.15798571435821,4.67601761243954,0.0,0.0,0.000000,99,99,0,,,,,,,,,,,,,,,
2024-12-16 10:53:00,-0.856677377641717,4.57413202559505,0.0,0.0,0.000000,99,99,0,'NOCONN','TDD', 999,50,101,0,1,647232,78,3,-107,-18,1,1,1279
2024-12-16 10:53:02,-0.519289879407538,4.44611141248981,0.0,0.0,0.000000,,,0,,,,,,,,,,,,,,,
2024-12-16 10:53:04,0.0606640022469831,4.15527614281914,0.0,0.0,0.000000,99,99,0,,,,,,,,,,,,,,,
2024-12-16 10:53:07,0.526116443573579,3.52133820586172,0.0,0.0,0.000000,,,0,'NOCONN','TDD', 999,50,101,0,1,647232,78,3,-140,-40,1,1,-3072
2024-12-16 10:53:08,0.617803958243971,3.24860778106476,0.0,0.0,0.000000,99,99,0,'NOCONN','TDD', 999,50,101,0,1,647232,78,3,-110,-20,1,1,832
2024-12-16 10:53:09,0.689883552473527,2.96262762680187,0.0,0.0,0.000000,,,,'NOCONN','TDD', 999,50,101,0,1,647232,78,3,-110,-20,1,1,832
2024-12-16 10:53:10,0.772779174705379,2.70584107159451,0.0,0.0,0.000000,99,99,0,'NOCONN','TDD', 999,50,101,0,1,647232,78,3,-112,-22,1,1,576
2024-12-16 10:53:11,0.865176287153265,2.42082495133572,0.0,0.0,0.000000,99,99,0,'NOCONN','TDD', 999,50,101,0,1,647232,78,3,-112,-22,1,1,576
2024-12-16 10:53:12,0.974940675230625,2.16149440751599,0.0,0.0,0.000000,99,99,0,'NOCONN','TDD', 999,50,101,0,1,647232,78,3,-111,-19,1,1,703
2024-12-16 10:53:14,1.04706115545112,1.87952489193437,0.0,0.0,0.000000,99,99,,'NOCONN','TDD', 999,50,101,0,1,647232,78,3,-112,-19,1,1,576
2024-12-16 10:53:15,1.12057208486396,1.60962903001131,0.0,0.0,0.000000,99,99,0,'NOCONN','TDD', 999,50,101,0,1,647232,78,3,-140,-40,1,1,-3072
2024-12-16 10:53:16,1.20188102912066,1.33807364636457,0.0,0.0,0.000000,99,99,0,'NOCONN','TDD', 999,50,101,0,1,647232,78,3,-140,-40,1,1,-3072
2024-12-16 10:53:17,1.28437404611315,1.0757600243349,0.0,0.0,0.000000,99,99,0,'NOCONN','TDD', 999,50,101,0,1,647232,78,3,-140,-40,1,1,-3072
2024-12-16 10:53:18,1.33010484923183,0.806902454929152,0.0,0.0,0.000000,99,99,0,'NOCONN','TDD', 999,50,101,0,1,647232,78,3,-140,-40,1,1,-3072
2024-12-16 10:53:19,1.40210828571877,0.565053094200664,0.0,0.0,0.000000,99,99,,'NOCONN','TDD', 999,50,101,0,1,647232,78,3,-140,-40,1,1,-3072
2024-12-16 10:53:20,1.50616481568728,0.325817769890317,0.0,0.0,0.000000,99,99,0,'NOCONN','TDD', 999,50,101,0,1,647232,78,3,-140,-40,1,1,-3072
2024-12-16 10:53:22,1.68213196723504,-0.165369981263536,0.0,0.0,0.000000,99,99,0,'NOCONN','TDD', 999,50,101,0,1,647232,78,3,-140,-40,1,1,-3072
2024-12-16 10:53:24,1.91926934923017,-0.646192664467147,0.0,0.0,0.000000,99,99,0,'NOCONN','TDD', 999,50,101,0,1,647232,78,3,-140,-40,1,1,-3072
2024-12-16 10:53:25,2.02864851756467,-0.904491077577483,0.0,0.0,0.000000,99,99,,'NOCONN','TDD', 999,50,101,0,1,647232,78,3,-140,-40,1,1,-3072
2024-12-16 10:53:26,2.11606150038739,-1.1308617390989,0.0,0.0,0.000000,99,99,0,'NOCONN','TDD', 999,50,101,0,1,647232,78,3,-140,-40,1,1,-3072
2024-12-16 10:53:27,2.21014283635164,-1.37678009738133,0.0,0.0,0.000000,99,99,,'NOCONN','TDD', 999,50,101,0,1,647232,78,3,-119,-22,1,1,-321
2024-12-16 10:53:28,2.29508501761302,-1.61949657085694,0.0,0.0,0.000000,99,99,0,,,,,,,,,,,,,,,
2024-12-16 10:53:29,2.3889361155993,-1.87562261088344,0.0,0.0,0.000000,99,99,0,'NOCONN','TDD', 999,50,201,1,1,647232,78,3,-100,-11,1,1,2048
2024-12-16 10:53:31,2.62803647433954,-2.35663390639054,0.0,0.0,0.000000,,,0,'NOCONN','TDD', 999,50,201,1,1,647232,78,3,-100,-13,15,1,2048
2024-12-16 10:53:32,2.76945229124594,-2.57651761026384,0.0,0.0,0.000000,99,99,,'NOCONN','TDD', 999,50,201,1,1,647232,78,3,-99,-11,15,1,2176
2024-12-16 10:53:33,2.89161655381883,-2.82627146094058,0.0,0.0,0.000000,,,,'NOCONN','TDD', 999,50,301,2,1,647232,78,3,-94,-12,1,1,2432
2024-12-16 10:53:35,3.08908189749587,-3.15747955220073,0.0,0.0,0.000000,99,99,0,'NOCONN','TDD', 999,50,301,2,1,647232,78,3,-92,-11,9,1,2752
2024-12-16 10:53:36,3.50049001493843,-3.37008144115532,0.0,0.0,0.000000,99,99,0,'NOCONN','TDD', 999,50,201,1,1,647232,78,3,-100,-13,9,1,1664
2024-12-16 10:53:38,3.7992799958539,-3.36458936965898,0.0,0.0,0.000000,99,99,0,'NOCONN','TDD', 999,50,301,2,1,647232,78,3,-92,-11,2,1,2815
2024-12-16 10:53:39,4.06812989513411,-3.38502177763718,0.0,0.0,0.000000,99,99,0,'NOCONN','TDD', 999,50,301,2,1,647232,78,3,-107,-13,2,1,768
2024-12-16 10:53:41,4.65079544177396,-3.4439486559542,0.0,0.0,0.000000,99,99,0,'NOCONN','TDD', 999,50,301,2,1,647232,78,3,-95,-11,1,1,2304
2024-12-16 10:53:42,4.90692866395343,-3.4447752753708,0.0,0.0,0.000000,99,99,0,'NOCONN','TDD', 999,50,301,2,1,647232,78,3,-92,-11,1,1,2688
2024-12-16 10:53:43,5.17438623444124,-3.44665300187549,0.0,0.0,0.000000,,,0,'NOCONN','TDD', 999,50,301,2,1,647232,78,3,-102,-11,13,1,1535
2024-12-16 10:53:44,5.41365609737404,-3.46434048396084,0.0,0.0,0.000000,,,,,,,,,,,,,,,,,,
2024-12-16 10:53:45,5.70049050086807,-3.50495373147565,0.0,0.0,0.000000,,,0,'NOCONN','TDD', 999,50,301,2,1,647232,78,3,-91,-11,14,1,2879
2024-12-16 10:53:46,5.97571841452584,-3.50172561366897,0.0,0.0,0.000000,,,0,,,,,,,,,,,,,,,
2024-12-16 10:53:48,6.2416653849921,-3.50249607569975,0.0,0.0,0.000000,99,99,0,'NOCONN','TDD', 999,50,301,2,1,647232,78,3,-91,-11,20,1,2879
2024-12-16 10:53:49,6.51960825711917,-3.49789902908771,0.0,0.0,0.000000,99,99,0,'NOCONN','TDD', 999,50,301,2,1,647232,78,3,-92,-11,20,1,2688
2024-12-16 10:53:50,6.79244142588832,-3.49754506103069,0.0,0.0,0.000000,99,99,0,,,,,,,,,,,,,,,
2024-12-16 10:53:51,7.08977556240126,-3.51448799717735,0.0,0.0,0.000000,99,99,0,'NOCONN','TDD', 999,50,301,2,1,647232,78,3,-90,-11,22,1,2944
2024-12-16 10:53:52,7.36997171662573,-3.51703522312488,0.0,0.0,0.000000,,,0,,,,,,,,,,,,,,,
2024-12-16 10:53:53,7.6291072133872,-3.50842475057475,0.0,0.0,0.000000,,,,'NOCONN','TDD', 999,50,301,2,1,647232,78,3,-90,-11,27,1,2944
2024-12-16 10:53:54,7.89301164462407,-3.49233348278854,0.0,0.0,0.000000,99,99,0,'NOCONN','TDD', 999,50,301,2,1,647232,78,3,-89,-11,27,1,3072
2024-12-16 10:53:55,8.14831663123572,-3.49967066919372,0.0,0.0,0.000000,99,99,0,'NOCONN','TDD', 999,50,301,2,1,647232,78,3,-87,-10,28,1,3392
2024-12-16 10:53:56,8.42171640913417,-3.50945143480884,0.0,0.0,0.000000,,,,'NOCONN','TDD', 999,50,301,2,1,647232,78,3,-97,-11,28,1,2175
2024-12-16 10:54:16,8.61683802304296,-3.56525531983916,0.0,0.0,0.000000,,,0,'NOCONN','TDD', 999,50,301,2,1,647232,78,3,-90,-11,27,1,2944
2024-12-16 10:54:17,8.58063190929126,-3.59221998965556,0.0,0.0,0.000000,99,99,0,'NOCONN','TDD', 999,50,301,2,1,647232,78,3,-84,-11,28,1,3712
2024-12-16 10:54:18,8.44210317246828,-3.71482252859132,0.0,0.0,0.000000,99,99,,'NOCONN','TDD', 999,50,301,2,1,647232,78,3,-95,-11,24,1,2368
2024-12-16 10:54:20,8.10514747773848,-3.66873413852222,0.0,0.0,0.000000,99,99,0,'NOCONN','TDD', 999,50,301,2,1,647232,78,3,-95,-11,17,1,2304
2024-12-16 10:54:21,7.83028256870563,-3.63381045574311,0.0,0.0,0.000000,99,99,0,'NOCONN','TDD', 999,50,301,2,1,647232,78,3,-94,-11,17,1,2432
2024-12-16 10:54:22,7.5793281108387,-3.61692185777245,0.0,0.0,0.000000,99,99,0,,,,,,,,,,,,,,,
2024-12-16 10:54:23,7.30127599665981,-3.60523553837334,0.0,0.0,0.000000,99,99,0,,,,,,,,,,,,,,,
2024-12-16 10:54:24,7.03770232272013,-3.58782729561396,0.0,0.0,0.000000,99,99,0,'NOCONN','TDD', 999,50,301,2,1,647232,78,3,-99,-12,18,1,1792
2024-12-16 10:54:25,6.79039449294929,-3.57443633975318,0.0,0.0,0.000000,,,,'NOCONN','TDD', 999,50,301,2,1,647232,78,3,-99,-11,13,1,1855
2024-12-16 10:54:26,6.54413981961636,-3.58616914245975,0.0,0.0,0.000000,99,99,0,'NOCONN','TDD', 999,50,301,2,1,647232,78,3,-102,-12,13,1,1535
2024-12-16 10:54:28,6.34811981735624,-3.58014586350826,0.0,0.0,0.000000,99,99,0,'NOCONN','TDD', 999,50,301,2,1,647232,78,3,-104,-12,8,1,1152
2024-12-16 10:54:29,6.07687021988545,-3.55721157145459,0.0,0.0,0.000000,99,99,,'NOCONN','TDD', 999,50,301,2,1,647232,78,3,-93,-11,8,1,2624
2024-12-16 10:54:30,5.80829275715594,-3.52347951845723,0.0,0.0,0.000000,99,99,0,'NOCONN','TDD', 999,50,301,2,1,647232,78,3,-104,-12,9,1,1279
2024-12-16 10:54:31,5.54412145961821,-3.53284790267285,0.0,0.0,0.000000,99,99,0,'NOCONN','TDD', 999,50,301,2,1,647232,78,3,-102,-11,3,1,1472
2024-12-16 10:54:32,5.31315596328103,-3.52993808356176,0.0,0.0,0.000000,99,99,0,'NOCONN','TDD', 999,50,301,2,1,647232,78,3,-104,-11,3,1,1279
2024-12-16 10:54:33,5.05190084612063,-3.51742476002322,0.0,0.0,0.000000,99,99,0,'NOCONN','TDD', 999,50,301,2,1,647232,78,3,-104,-11,6,1,1279
2024-12-16 10:54:34,4.78983567098051,-3.48474076138227,0.0,0.0,0.000000,99,99,0,'NOCONN','TDD', 999,50,301,2,1,647232,78,3,-97,-12,5,1,2048
2024-12-16 10:54:35,4.5260041530247,-3.48162888486907,0.0,0.0,0.000000,,,0,'NOCONN','TDD', 999,50,301,2,1,647232,78,3,-97,-12,1,1,2048
2024-12-16 10:54:36,4.27374415154431,-3.48282297553287,0.0,0.0,0.000000,99,99,0,'NOCONN','TDD', 999,50,301,2,1,647232,78,3,-100,-14,1,1,1728
2024-12-16 10:54:37,4.0420614669124,-3.48649588609462,0.0,0.0,0.000000,,,0,'NOCONN','TDD', 999,50,301,2,1,647232,78,3,-105,-12,1,1,1088
2024-12-16 10:54:39,3.60234311275749,-3.46478891910061,0.0,0.0,0.000000,99,99,,'NOCONN','TDD', 999,50,301,2,1,647232,78,3,-102,-22,1,1,1408
2024-12-16 10:54:40,3.30438251929799,-3.34919593691053,0.0,0.0,0.000000,99,99,0,'NOCONN','TDD', 999,50,301,2,1,647232,78,3,-104,-22,1,1,1279
2024-12-16 10:54:42,3.07738012360205,-3.08900847683482,0.0,0.0,0.000000,99,99,0,'NOCONN','TDD', 999,50,301,2,1,647232,78,3,-104,-19,1,1,1279
2024-12-16 10:54:43,2.97623924018555,-2.8409811797262,0.0,0.0,0.000000,99,99,0,'NOCONN','TDD', 999,50,301,2,1,647232,78,3,-103,-19,8,1,1344
2024-12-16 10:54:44,2.90134737614632,-2.5838102659246,0.0,0.0,0.000000,99,99,0,'NOCONN','TDD', 999,50,301,2,1,647232,78,3,-105,-12,1,1,1088
2024-12-16 10:54:45,2.8236400055526,-2.32882894579832,0.0,0.0,0.000000,99,99,0,,,,,,,,,,,,,,,
2024-12-16 10:54:46,2.72762922160415,-2.06703940724958,0.0,0.0,0.000000,99,99,0,'NOCONN','TDD', 999,50,301,2,1,647232,78,3,-104,-15,1,1,1279
2024-12-16 10:54:47,2.64685003304818,-1.79764143234875,0.0,0.0,0.000000,99,99,0,'NOCONN','TDD', 999,50,301,2,1,647232,78,3,-111,-24,1,1,319
2024-12-16 10:54:48,2.56911596187014,-1.54112810984723,0.0,0.0,0.000000,99,99,0,'NOCONN','TDD', 999,50,301,2,1,647232,78,3,-111,-24,1,1,319
2024-12-16 10:54:49,2.48212055195441,-1.25744388961619,0.0,0.0,0.000000,99,99,0,'NOCONN','TDD', 999,50,301,2,1,647232,78,3,-111,-21,1,1,319
2024-12-16 10:54:50,2.39751960321609,-0.966707359962474,0.0,0.0,0.000000,99,99,0,'NOCONN','TDD', 999,50,301,2,1,647232,78,3,-104,-22,1,1,1215
2024-12-16 10:54:51,2.31048330145527,-0.705158506227617,0.0,0.0,0.000000,99,99,0,'NOCONN','TDD', 999,50,301,2,1,647232,78,3,-104,-22,1,1,1215
2024-12-16 10:54:53,2.22730554697995,-0.433672459932488,0.0,0.0,0.000000,99,99,0,'NOCONN','TDD', 999,50,301,2,1,647232,78,3,-140,-40,1,1,-3456
2024-12-16 10:54:54,2.11030862077737,-0.198272181935483,0.0,0.0,0.000000,99,99,0,'NOCONN','TDD', 999,50,301,2,1,647232,78,3,-109,-24,1,1,639
2024-12-16 10:54:56,2.11877399744677,-0.198073764850176,0.0,0.0,0.000000,99,99,0,'NOCONN','TDD', 999,50,301,2,1,647232,78,3,-140,-40,1,1,-3456
2024-12-16 10:54:57,2.13095274199274,-0.186408437951956,0.0,0.0,0.000000,99,99,0,'NOCONN','TDD', 999,50,301,2,1,647232,78,3,-140,-40,1,1,-3456
2024-12-16 10:55:17,2.15623897859458,-0.188293850557719,0.0,0.0,0.000000,99,99,0,'NOCONN','TDD', 999,50,301,2,1,647232,78,3,-140,-40,1,1,-3456
2024-12-16 10:55:19,2.2787679698032,0.0642993080684361,0.0,0.0,0.000000,99,99,0,'NOCONN','TDD', 999,50,301,2,1,647232,78,3,-140,-40,1,1,-3456
2024-12-16 10:55:20,2.25640484427204,0.314820109768191,0.0,0.0,0.000000,99,99,0,'NOCONN','TDD', 999,50,301,2,1,647232,78,3,-140,-40,1,1,-3456
2024-12-16 10:55:21,2.24629820960172,0.539154297643934,0.0,0.0,0.000000,,,,,,,,,,,,,,,,,,
2024-12-16 10:55:23,2.23841651938794,1.06934960791766,0.0,0.0,0.000000,99,99,0,'NOCONN','TDD', 999,50,301,2,1,647232,78,3,-140,-40,1,1,-3456
2024-12-16 10:55:24,2.22094408178993,1.31131237541706,0.0,0.0,0.000000,,,0,'NOCONN','TDD', 999,50,301,2,1,647232,78,3,-112,-17,1,1,255
2024-12-16 10:55:25,2.2098113717975,1.57346493859109,0.0,0.0,0.000000,99,99,0,'NOCONN','TDD', 999,50,301,2,1,647232,78,3,-112,-17,1,1,255
2024-12-16 10:55:26,2.22732423518406,1.86157841385942,0.0,0.0,0.000000,99,99,0,'NOCONN','TDD', 999,50,301,2,1,647232,78,3,-140,-40,1,1,-3456
2024-12-16 10:55:28,2.2075986764418,2.36552467580744,0.0,0.0,0.000000,,,0,'NOCONN','TDD', 999,50,301,2,1,647232,78,3,-140,-40,1,1,-3456
2024-12-16 10:55:29,2.20730165895545,2.63509530258587,0.0,0.0,0.000000,99,99,0,'NOCONN','TDD', 999,50,301,2,1,647232,78,3,-140,-40,1,1,-3456
2024-12-16 10:55:30,2.20116603603001,2.92006799595025,0.0,0.0,0.000000,99,99,0,'NOCONN','TDD', 999,50,301,2,1,647232,78,3,-140,-40,1,1,-3456
2024-12-16 10:55:31,2.20701840499993,3.16984658999201,0.0,0.0,0.000000,99,99,,'NOCONN','TDD', 999,50,301,2,1,647232,78,3,-140,-40,1,1,-3456
2024-12-16 10:55:32,2.19925790658036,3.43234342535192,0.0,0.0,0.000000,99,99,0,'NOCONN','TDD', 999,50,301,2,1,647232,78,3,-140,-40,1,1,-3456
2024-12-16 10:55:33,2.15918229615168,3.72936390790444,0.0,0.0,0.000000,99,99,0,'NOCONN','TDD', 999,50,301,2,1,647232,78,3,-140,-40,1,1,-3456
2024-12-16 10:55:35,2.10030363080528,4.00648176225749,0.0,0.0,0.000000,,,0,'NOCONN','TDD', 999,50,301,2,1,647232,78,3,-114,-22,1,1,-65
2024-12-16 10:55:36,2.09598396263439,4.12904526777597,0.0,0.0,0.000000,99,99,0,'NOCONN','TDD', 999,50,301,2,1,647232,78,3,-114,-22,1,1,-65
2024-12-16 10:55:37,2.10675918223392,4.18166469138116,0.0,0.0,0.000000,,,0,'NOCONN','TDD', 999,50,301,2,1,647232,78,3,-114,-22,1,1,-65
2024-12-16 10:55:38,2.12619756649772,4.21664278259125,0.0,0.0,0.000000,,,0,'NOCONN','TDD', 999,50,201,1,1,647232,78,3,-85,-11,20,1,3968
2024-12-16 10:55:56,2.13281475453483,4.20423699784864,0.0,0.0,0.000000,,,0,'NOCONN','TDD', 999,50,201,1,1,647232,78,3,-83,-11,21,1,4288
2024-12-16 10:55:58,2.16833333616724,4.21132335860869,0.0,0.0,0.000000,,,0,'NOCONN','TDD', 999,50,201,1,1,647232,78,3,-100,-12,21,1,2112
2024-12-16 10:56:00,2.16799315726013,3.88093812500905,0.0,0.0,0.000000,99,99,0,'NOCONN','TDD', 999,50,201,1,1,647232,78,3,-89,-11,16,1,3583
2024-12-16 10:56:01,1.96803811320606,3.53142884091357,0.0,0.0,0.000000,,,0,,,,,,,,,,,,,,,
2024-12-16 10:56:02,1.94638813541374,3.25338298425543,0.0,0.0,0.000000,,,0,'NOCONN','TDD', 999,50,201,1,1,647232,78,3,-93,-11,14,1,3008
2024-12-16 10:56:03,1.92665759935513,2.97740712368829,0.0,0.0,0.000000,,,0,'NOCONN','TDD', 999,50,201,1,1,647232,78,3,-97,-12,14,1,2496
2024-12-16 10:56:05,1.85732611471894,2.45620139367387,0.0,0.0,0.000000,,,,'NOCONN','TDD', 999,50,201,1,1,647232,78,3,-104,-12,10,1,1599
2024-12-16 10:56:06,1.82223613588394,2.15896847073471,0.0,0.0,0.000000,99,99,0,'NOCONN','TDD', 999,50,201,1,1,647232,78,3,-97,-11,7,1,2432
2024-12-16 10:56:07,1.80907623514786,1.88534174886642,0.0,0.0,0.000000,,,0,'NOCONN','TDD', 999,50,201,1,1,647232,78,3,-99,-11,7,1,2239
2024-12-16 10:56:08,1.76493203745952,1.61235463162909,0.0,0.0,0.000000,99,99,0,'NOCONN','TDD', 999,50,201,1,1,647232,78,3,-100,-12,18,1,2112
2024-12-16 10:56:09,1.72734814388085,1.35685592759766,0.0,0.0,0.000000,99,99,0,,,,,,,,,,,,,,,
2024-12-16 10:56:10,1.70390255928096,1.07187895790435,0.0,0.0,0.000000,99,99,0,'NOCONN','TDD', 999,50,201,1,1,647232,78,3,-102,-11,15,1,1856
2024-12-16 10:56:11,1.66509214608056,0.813045066509066,0.0,0.0,0.000000,99,99,0,'NOCONN','TDD', 999,50,201,1,1,647232,78,3,-94,-11,15,1,2879
2024-12-16 10:56:13,1.58413830893639,0.523932140944033,0.0,0.0,0.000000,99,99,0,'NOCONN','TDD', 999,50,201,1,1,647232,78,3,-99,-12,7,1,2303
2024-12-16 10:56:14,1.52369371974159,0.258406877506017,0.0,0.0,0.000000,99,99,0,'NOCONN','TDD', 999,50,201,1,1,647232,78,3,-99,-11,7,1,2176
2024-12-16 10:56:15,1.4669185530041,-0.0063887183708188,0.0,0.0,0.000000,99,99,,'NOCONN','TDD', 999,50,201,1,1,647232,78,3,-99,-11,14,1,2176
2024-12-16 10:56:16,1.39388381167162,-0.240410530627101,0.0,0.0,0.000000,99,99,0,'NOCONN','TDD', 999,50,201,1,1,647232,78,3,-102,-12,14,1,1919
2024-12-16 10:56:17,1.32461719093844,-0.484300670287533,0.0,0.0,0.000000,99,99,0,'NOCONN','TDD', 999,50,201,1,1,647232,78,3,-100,-12,11,1,2048
2024-12-16 10:56:19,1.19388990436346,-1.00149698227115,0.0,0.0,0.000000,,,0,'NOCONN','TDD', 999,50,201,1,1,647232,78,3,-93,-11,7,1,3008
2024-12-16 10:56:21,1.03276754920725,-1.49703319207237,0.0,0.0,0.000000,99,99,0,'NOCONN','TDD', 999,50,201,1,1,647232,78,3,-100,-11,13,1,2112
2024-12-16 10:56:22,0.950358297174702,-1.74924628980697,0.0,0.0,0.000000,99,99,0,'NOCONN','TDD', 999,50,201,1,1,647232,78,3,-100,-11,4,1,2112
2024-12-16 10:56:23,0.851607563256203,-1.99899607707871,0.0,0.0,0.000000,99,99,0,'NOCONN','TDD', 999,50,201,1,1,647232,78,3,-102,-13,1,1,1856
2024-12-16 10:56:24,0.753639296362963,-2.23683292734089,0.0,0.0,0.000000,,,0,'NOCONN','TDD', 999,50,201,1,1,647232,78,3,-104,-17,1,1,1663
2024-12-16 10:56:26,0.567766669888754,-2.71269858139504,0.0,0.0,0.000000,99,99,0,'NOCONN','TDD', 999,50,201,1,1,647232,78,3,-107,-14,1,1,1216
2024-12-16 10:56:27,0.451943506077749,-2.94291698307763,0.0,0.0,0.000000,99,99,,,,,,,,,,,,,,,,
2024-12-16 10:56:28,0.311234194409572,-3.13168540302875,0.0,0.0,0.000000,99,99,,'NOCONN','TDD', 999,50,201,1,1,647232,78,3,-102,-17,1,1,1919
2024-12-16 10:56:30,-0.0529181853606546,-3.37092794939611,0.0,0.0,0.000000,99,99,0,'NOCONN','TDD', 999,50,201,1,1,647232,78,3,-99,-12,7,1,2176
2024-12-16 10:56:32,-0.538673716304145,-3.39595807328897,0.0,0.0,0.000000,99,99,0,'NOCONN','TDD', 999,50,201,1,1,647232,78,3,-115,-21,3,1,192
2024-12-16 10:56:33,-0.81200759632799,-3.41474410879899,0.0,0.0,0.000000,99,99,0,'NOCONN','TDD', 999,50,201,1,1,647232,78,3,-109,-14,3,1,959
2024-12-16 10:56:34,-1.11017857760569,-3.446596685551,0.0,0.0,0.000000,99,99,0,,,,,,,,,,,,,,,
2024-12-16 10:56:36,-1.69125887242968,-3.42924925806339,0.0,0.0,0.000000,,,0,'NOCONN','TDD', 999,50,201,1,1,647232,78,3,-109,-18,1,1,959
2024-12-16 10:56:37,-1.96586573332456,-3.4264080227455,0.0,0.0,0.000000,99,99,0,'NOCONN','TDD', 999,50,201,1,1,647232,78,3,-111,-19,1,1,703
2024-12-16 10:56:38,-2.24410763414193,-3.45054125602971,0.0,0.0,0.000000,99,99,0,'NOCONN','TDD', 999,50,201,1,1,647232,78,3,-113,-20,1,1,448
2024-12-16 10:56:40,-2.54671564332916,-3.47711440770035,0.0,0.0,0.000000,99,99,0,'NOCONN','TDD', 999,50,201,1,1,647232,78,3,-112,-14,1,1,576
2024-12-16 10:56:41,-2.84010953151436,-3.48686792132416,0.0,0.0,0.000000,99,99,0,'NOCONN','TDD', 999,50,201,1,1,647232,78,3,-112,-14,1,1,576
2024-12-16 10:56:42,-3.08860196679885,-3.45942927095007,0.0,0.0,0.000000,99,99,0,,,,,,,,,,,,,,,
2024-12-16 10:56:43,-3.34678824433511,-3.44324920244955,0.0,0.0,0.000000,99,99,0,'NOCONN','TDD', 999,50,201,1,1,647232,78,3,-110,-17,1,1,768
2024-12-16 10:56:44,-3.62509352303432,-3.45961966230459,0.0,0.0,0.000000,99,99,0,,,,,,,,,,,,,,,
2024-12-16 10:56:45,-3.88289361210488,-3.46135773661712,0.0,0.0,0.000000,99,99,0,,,,,,,,,,,,,,,
2024-12-16 10:56:47,-4.16667295036104,-3.47363924204618,0.0,0.0,0.000000,99,99,0,'NOCONN','TDD', 999,50,201,1,1,647232,78,3,-118,-22,1,1,-192
2024-12-16 10:56:48,-4.46190241554047,-3.48598227667904,0.0,0.0,0.000000,,,,'NOCONN','TDD', 999,50,201,1,1,647232,78,3,-108,-17,1,1,1088
2024-12-16 10:56:49,-4.73949697983326,-3.49591116106558,0.0,0.0,0.000000,99,99,0,,,,,,,,,,,,,,,
2024-12-16 10:56:50,-5.03373412265701,-3.49312347053141,0.0,0.0,0.000000,99,99,0,'NOCONN','TDD', 999,50,201,1,1,647232,78,3,-114,-18,1,1,383
2024-12-16 10:56:52,-5.34790730808386,-3.53660302981096,0.0,0.0,0.000000,,,,,,,,,,,,,,,,,,
2024-12-16 10:56:53,-5.68246093708744,-3.61406159620163,0.0,0.0,0.000000,99,99,0,'NOCONN','TDD', 999,50,201,1,1,647232,78,3,-112,-22,1,1,576
2024-12-16 10:56:54,-6.06204225186188,-3.71178795517127,0.0,0.0,0.000000,99,99,0,'NOCONN','TDD', 999,50,201,1,1,647232,78,3,-114,-23,1,1,383
2024-12-16 10:56:55,-6.41901607348217,-3.81586095368867,0.0,0.0,0.000000,99,99,0,'NOCONN','TDD', 999,50,201,1,1,647232,78,3,-114,-23,1,1,319
2024-12-16 10:56:57,-6.79567858133606,-3.9223171774013,0.0,0.0,0.000000,99,99,0,'NOCONN','TDD', 999,50,201,1,1,647232,78,3,-112,-19,1,1,639
2024-12-16 10:56:58,-7.17589863143499,-4.06489553897427,0.0,0.0,0.000000,99,99,0,'NOCONN','TDD', 999,50,201,1,1,647232,78,3,-112,-19,1,1,639
2024-12-16 10:57:00,-7.49971583864646,-4.20985752205047,0.0,0.0,0.000000,99,99,0,'NOCONN','TDD', 999,50,201,1,1,647232,78,3,-114,-22,1,1,319
2024-12-16 10:57:02,-7.93746335858546,-4.22029779885839,0.0,0.0,0.000000,99,99,0,'NOCONN','TDD', 999,50,201,1,1,647232,78,3,-112,-23,1,1,639
2024-12-16 10:57:03,-8.18311865895425,-4.16654000236239,0.0,0.0,0.000000,99,99,0,,,,,,,,,,,,,,,
2024-12-16 10:57:04,-8.44008120577195,-4.0806299691307,0.0,0.0,0.000000,,,0,'NOCONN','TDD', 999,50,201,1,1,647232,78,3,-112,-23,1,1,639
2024-12-16 10:57:05,-8.67225820054332,-3.92421947159687,0.0,0.0,0.000000,99,99,0,,,,,,,,,,,,,,,
2024-12-16 10:57:06,-8.74642729903064,-3.82492419701467,0.0,0.0,0.000000,99,99,0,'NOCONN','TDD', 999,50,201,1,1,647232,78,3,-111,-20,1,1,703
2024-12-16 10:57:08,-8.76863168599285,-3.83020294484903,0.0,0.0,0.000000,99,99,0,'NOCONN','TDD', 999,50,201,1,1,647232,78,3,-112,-22,1,1,512
2024-12-16 10:57:27,-8.71374559965778,-3.82026000953892,0.0,0.0,0.000000,99,99,0,'NOCONN','TDD', 999,50,201,1,1,647232,78,3,-117,-22,1,1,-1
2024-12-16 10:57:29,-8.27786768476572,-4.00019088178524,0.0,0.0,0.000000,99,99,0,'NOCONN','TDD', 999,50,201,1,1,647232,78,3,-112,-18,1,1,639
2024-12-16 10:57:30,-8.06209910397418,-4.13219068517245,0.0,0.0,0.000000,99,99,0,,,,,,,,,,,,,,,
2024-12-16 10:57:31,-7.64721868169118,-4.24639546057545,0.0,0.0,0.000000,99,99,0,'NOCONN','TDD', 999,50,201,1,1,647232,78,3,-111,-15,1,1,703
2024-12-16 10:57:33,-7.35123581448042,-4.22368999658292,0.0,0.0,0.000000,,,0,'NOCONN','TDD', 999,50,201,1,1,647232,78,3,-112,-23,1,1,639
2024-12-16 10:57:35,-7.0918915292361,-4.17348330351199,0.0,0.0,0.000000,99,99,0,'NOCONN','TDD', 999,50,201,1,1,647232,78,3,-109,-18,1,1,896
2024-12-16 10:57:36,-6.85113317238016,-4.0970595232675,0.0,0.0,0.000000,,,,,,,,,,,,,,,,,,
2024-12-16 10:57:37,-6.5936536489408,-3.98565114147474,0.0,0.0,0.000000,99,99,,,,,,,,,,,,,,,,
2024-12-16 10:57:38,-6.44351703536877,-3.90909379770216,0.0,0.0,0.000000,99,99,0,'NOCONN','TDD', 999,50,201,1,1,647232,78,3,-115,-19,1,1,128
2024-12-16 10:57:39,-6.22368048708995,-3.89067554307228,0.0,0.0,0.000000,99,99,0,'NOCONN','TDD', 999,50,201,1,1,647232,78,3,-115,-19,1,1,128
2024-12-16 10:57:40,-5.97104336675252,-3.90659837375762,0.0,0.0,0.000000,99,99,,'NOCONN','TDD', 999,50,201,1,1,647232,78,3,-109,-20,1,1,896
2024-12-16 10:57:41,-5.68461079871855,-3.9082755646583,0.0,0.0,0.000000,99,99,0,'NOCONN','TDD', 999,50,201,1,1,647232,78,3,-107,-20,1,1,1279
2024-12-16 10:57:43,-5.36733353834667,-3.89084907187053,0.0,0.0,0.000000,99,99,0,'NOCONN','TDD', 999,50,201,1,1,647232,78,3,-105,-14,1,1,1472
2024-12-16 10:57:44,-5.0440012951818,-3.87509361131366,0.0,0.0,0.000000,99,99,0,'NOCONN','TDD', 999,50,201,1,1,647232,78,3,-111,-19,1,1,703
2024-12-16 10:57:46,-4.69200289288162,-3.85528035438753,0.0,0.0,0.000000,,,0,'NOCONN','TDD', 999,50,201,1,1,647232,78,3,-111,-19,1,1,703
2024-12-16 10:57:47,-4.33969740296581,-3.84992079174417,0.0,0.0,0.000000,99,99,0,'NOCONN','TDD', 999,50,201,1,1,647232,78,3,-107,-15,1,1,1216
2024-12-16 10:57:48,-3.99182791885044,-3.86212102782007,0.0,0.0,0.000000,,,0,'NOCONN','TDD', 999,50,201,1,1,647232,78,3,-107,-18,1,1,1279
2024-12-16 10:57:49,-3.68225421569514,-3.82786540810163,0.0,0.0,0.000000,99,99,,'NOCONN','TDD', 999,50,201,1,1,647232,78,3,-107,-18,1,1,1279
2024-12-16 10:57:51,-3.29892136149216,-3.80851096670612,0.0,0.0,0.000000,,,0,'NOCONN','TDD', 999,50,201,1,1,647232,78,3,-107,-20,1,1,1152
2024-12-16 10:57:52,-2.9836562527784,-3.79632751421046,0.0,0.0,0.000000,99,99,0,'NOCONN','TDD', 999,50,201,1,1,647232,78,3,-104,-17,1,1,1599
2024-12-16 10:57:53,-2.61884630464065,-3.77806150150347,0.0,0.0,0.000000,99,99,0,'NOCONN','TDD', 999,50,201,1,1,647232,78,3,-104,-17,1,1,1599
2024-12-16 10:57:55,-2.27513766411363,-3.75491053468556,0.0,0.0,0.000000,99,99,,'NOCONN','TDD', 999,50,201,1,1,647232,78,3,-105,-15,1,1,1408
2024-12-16 10:57:57,-1.97182061960248,-3.74326711622542,0.0,0.0,0.000000,99,99,0,,,,,,,,,,,,,,,
2024-12-16 10:57:59,-1.27875128010362,-3.71279356942873,0.0,0.0,0.000000,99,99,0,'NOCONN','TDD', 999,50,201,1,1,647232,78,3,-96,-11,1,1,2623
2024-12-16 10:58:00,-0.951174029604389,-3.67959392561533,0.0,0.0,0.000000,99,99,0,,,,,,,,,,,,,,,
2024-12-16 10:58:02,-0.70027557743472,-3.59644839192408,0.0,0.0,0.000000,99,99,0,,,,,,,,,,,,,,,
2024-12-16 10:58:03,-0.39007263890885,-3.51727072583357,0.0,0.0,0.000000,99,99,0,'NOCONN','TDD', 999,50,201,1,1,647232,78,3,-94,-12,1,1,2879
2024-12-16 10:58:04,-0.126225683011085,-3.37584752013109,0.0,0.0,0.000000,99,99,0,'NOCONN','TDD', 999,50,201,1,1,647232,78,3,-99,-12,5,1,2303
2024-12-16 10:58:05,0.106169891742778,-3.19900178313505,0.0,0.0,0.000000,99,99,0,'NOCONN','TDD', 999,50,201,1,1,647232,78,3,-93,-11,5,1,3008
2024-12-16 10:58:07,0.408442486277584,-2.81461165373013,0.0,0.0,0.000000,99,99,0,'NOCONN','TDD', 999,50,201,1,1,647232,78,3,-90,-12,8,1,3392
2024-12-16 10:58:08,0.548748553465735,-2.54767427398321,0.0,0.0,0.000000,,,0,'NOCONN','TDD', 999,50,201,1,1,647232,78,3,-94,-11,8,1,2816
2024-12-16 10:58:09,0.678840327103497,-2.28624418557187,0.0,0.0,0.000000,99,99,0,'NOCONN','TDD', 999,50,201,1,1,647232,78,3,-94,-11,5,1,2816
2024-12-16 10:58:11,0.733210807881461,-1.9715145280539,0.0,0.0,0.000000,99,99,0,'NOCONN','TDD', 999,50,201,1,1,647232,78,3,-93,-11,15,1,3008
2024-12-16 10:58:12,0.787860585722468,-1.6578938817033,0.0,0.0,0.000000,,,0,,,,,,,,,,,,,,,
2024-12-16 10:58:14,0.955396724425186,-1.0981807459557,0.0,0.0,0.000000,99,99,0,'NOCONN','TDD', 999,50,201,1,1,647232,78,3,-90,-11,13,1,3328
2024-12-16 10:58:15,1.04169606406499,-0.823534325583816,0.0,0.0,0.000000,99,99,0,'NOCONN','TDD', 999,50,201,1,1,647232,78,3,-94,-11,13,1,2943
2024-12-16 10:58:16,1.12962394063058,-0.538428891666508,0.0,0.0,0.000000,99,99,0,'NOCONN','TDD', 999,50,201,1,1,647232,78,3,-99,-12,19,1,2239
2024-12-16 10:58:17,1.17714327277993,-0.239145297581306,0.0,0.0,0.000000,99,99,0,'NOCONN','TDD', 999,50,201,1,1,647232,78,3,-99,-12,14,1,2239
2024-12-16 10:58:18,1.26395856202972,0.0234001251834395,0.0,0.0,0.000000,99,99,0,'NOCONN','TDD', 999,50,201,1,1,647232,78,3,-92,-11,14,1,3199
2024-12-16 10:58:19,1.35207517287494,0.293010426732657,0.0,0.0,0.000000,99,99,0,,,,,,,,,,,,,,,
2024-12-16 10:58:20,1.43386294785671,0.567639931455491,0.0,0.0,0.000000,,,0,'NOCONN','TDD', 999,50,201,1,1,647232,78,3,-92,-11,20,1,3072
2024-12-16 10:58:21,1.51661633571715,0.833749098474484,0.0,0.0,0.000000,99,99,0,'NOCONN','TDD', 999,50,201,1,1,647232,78,3,-84,-11,20,1,4096
2024-12-16 10:58:22,1.62761063088742,1.09835638099284,0.0,0.0,0.000000,99,99,0,'NOCONN','TDD', 999,50,201,1,1,647232,78,3,-89,-11,20,1,3456
2024-12-16 10:58:24,1.72903322864524,1.35472700460386,0.0,0.0,0.000000,99,99,0,'NOCONN','TDD', 999,50,201,1,1,647232,78,3,-92,-11,19,1,3199
2024-12-16 10:58:25,1.83218545733168,1.62670426351753,0.0,0.0,0.000000,99,99,0,'NOCONN','TDD', 999,50,201,1,1,647232,78,3,-85,-11,19,1,4032
2024-12-16 10:58:26,1.93578391624534,1.88205534828934,0.0,0.0,0.000000,99,99,0,'NOCONN','TDD', 999,50,201,1,1,647232,78,3,-85,-11,22,1,3968
2024-12-16 10:58:28,2.1852403585052,2.35803739695776,0.0,0.0,0.000000,99,99,0,'NOCONN','TDD', 999,50,201,1,1,647232,78,3,-89,-11,22,1,3519
2024-12-16 10:58:29,2.31606048359893,2.57870713102631,0.0,0.0,0.000000,99,99,0,'NOCONN','TDD', 999,50,201,1,1,647232,78,3,-87,-11,22,1,3776
2024-12-16 10:58:30,2.43454972729409,2.79997756930005,0.0,0.0,0.000000,,,0,'NOCONN','TDD', 999,50,201,1,1,647232,78,3,-87,-11,19,1,3776
2024-12-16 10:58:31,2.56313907916988,3.06499309886148,0.0,0.0,0.000000,99,99,0,'NOCONN','TDD', 999,50,201,1,1,647232,78,3,-84,-11,25,1,4223
2024-12-16 10:58:32,2.70087140847308,3.32405497254497,0.0,0.0,0.000000,99,99,,'NOCONN','TDD', 999,50,201,1,1,647232,78,3,-89,-11,25,1,3519
2024-12-16 10:58:33,2.82913780588165,3.57729203613997,0.0,0.0,0.000000,99,99,0,'NOCONN','TDD', 999,50,201,1,1,647232,78,3,-90,-11,17,1,3392
2024-12-16 10:58:34,2.95243675423788,3.82163813574547,0.0,0.0,0.000000,99,99,0,'NOCONN','TDD', 999,50,201,1,1,647232,78,3,-86,-11,17,1,3903
2024-12-16 10:58:36,3.24586219899119,4.11941621308137,0.0,0.0,0.000000,,,0,'NOCONN','TDD', 999,50,201,1,1,647232,78,3,-86,-11,17,1,3903
2024-12-16 10:58:38,3.6539939793264,4.28587332014575,0.0,0.0,0.000000,99,99,0,'NOCONN','TDD', 999,50,201,1,1,647232,78,3,-99,-12,17,1,2239
2024-12-16 10:58:39,3.9883548140934,4.32427816624025,0.0,0.0,0.000000,99,99,0,'NOCONN','TDD', 999,50,201,1,1,647232,78,3,-95,-12,8,1,2752
2024-12-16 10:58:40,4.33500579104447,4.33448393277007,0.0,0.0,0.000000,,,,'NOCONN','TDD', 999,50,201,1,1,647232,78,3,-95,-12,8,1,2688
2024-12-16 10:58:42,4.67368913205399,4.32863714119181,0.0,0.0,0.000000,99,99,0,'NOCONN','TDD', 999,50,201,1,1,647232,78,3,-102,-14,1,1,1919
2024-12-16 10:58:43,5.00621351011131,4.31759143482795,0.0,0.0,0.000000,99,99,0,'NOCONN','TDD', 999,50,201,1,1,647232,78,3,-105,-12,1,1,1408
2024-12-16 10:58:46,5.72274041499881,4.36435239470931,0.0,0.0,0.000000,99,99,0,'NOCONN','TDD', 999,50,201,1,1,647232,78,3,-105,-14,4,1,1408
2024-12-16 10:58:47,6.04856513476759,4.33147249900272,0.0,0.0,0.000000,99,99,0,'NOCONN','TDD', 999,50,201,1,1,647232,78,3,-107,-16,1,1,1216
2024-12-16 10:58:49,6.39818265442489,4.36537740118936,0.0,0.0,0.000000,99,99,0,'NOCONN','TDD', 999,50,201,1,1,647232,78,3,-111,-14,1,1,703
2024-12-16 10:58:50,6.72721781655958,4.35513731568276,0.0,0.0,0.000000,99,99,0,'NOCONN','TDD', 999,50,201,1,1,647232,78,3,-108,-12,1,1,1088
2024-12-16 10:58:51,7.04578634915271,4.32085017025952,0.0,0.0,0.000000,99,99,,,,,,,,,,,,,,,,
2024-12-16 10:58:53,7.38439233260147,4.32627617629578,0.0,0.0,0.000000,99,99,0,'NOCONN','TDD', 999,50,201,1,1,647232,78,3,-112,-19,1,1,512
2024-12-16 10:58:54,7.72651421422404,4.33917083210347,0.0,0.0,0.000000,99,99,0,'NOCONN','TDD', 999,50,201,1,1,647232,78,3,-106,-14,1,1,1343
2024-12-16 10:58:56,8.08549863472463,4.34977802337444,0.0,0.0,0.000000,99,99,0,'NOCONN','TDD', 999,50,201,1,1,647232,78,3,-109,-24,1,1,896
2024-12-16 10:58:57,8.44184431272729,4.34635403119346,0.0,0.0,0.000000,99,99,0,'NOCONN','TDD', 999,50,201,1,1,647232,78,3,-107,-18,1,1,1152
2024-12-16 11:06:17,8.57784198690702,4.33460752907498,0.0,0.0,0.000000,,,0,,,,,,,,,,,,,,,
2024-12-16 11:06:18,8.69471168238993,4.34895910161369,0.0,0.0,0.000000,99,99,0,,,,,,,,,,,,,,,
2024-12-16 11:06:20,8.6976143667541,4.22150866577976,0.0,0.0,0.000000,99,99,0,'NOCONN','TDD', 999,50,201,1,1,647232,78,3,-104,-13,1,1,1599
2024-12-16 11:06:21,8.51735851519224,4.10344131376547,0.0,0.0,0.000000,,,0,'NOCONN','TDD', 999,50,201,1,1,647232,78,3,-101,-12,1,1,1983
2024-12-16 11:06:22,8.17131220978197,4.14407167700086,0.0,0.0,0.000000,99,99,0,'NOCONN','TDD', 999,50,201,1,1,647232,78,3,-101,-12,4,1,1983
2024-12-16 11:06:23,7.87172295907055,4.27126857395905,0.0,0.0,0.000000,,,0,'NOCONN','TDD', 999,50,201,1,1,647232,78,3,-101,-14,1,1,1983
2024-12-16 11:06:25,7.52299784087429,4.31281144986226,0.0,0.0,0.000000,99,99,0,'NOCONN','TDD', 999,50,201,1,1,647232,78,3,-110,-14,13,1,768
2024-12-16 11:06:26,7.24911025912416,4.32416210887264,0.0,0.0,0.000000,99,99,0,'NOCONN','TDD', 999,50,201,1,1,647232,78,3,-98,-12,13,1,2368
2024-12-16 11:06:27,6.92681521530276,4.33628246531314,0.0,0.0,0.000000,99,99,0,'NOCONN','TDD', 999,50,201,1,1,647232,78,3,-105,-14,13,1,1472
2024-12-16 11:06:28,6.64597759290254,4.34760122500425,0.0,0.0,0.000000,99,99,0,'NOCONN','TDD', 999,50,201,1,1,647232,78,3,-105,-14,1,1,1472
2024-12-16 11:06:30,6.37536794280467,4.36722346907958,0.0,0.0,0.000000,,,0,,,,,,,,,,,,,,,
2024-12-16 11:06:31,6.08929021618636,4.3774980333802,0.0,0.0,0.000000,99,99,0,'NOCONN','TDD', 999,50,201,1,1,647232,78,3,-101,-14,1,1,1983
2024-12-16 11:06:32,5.79563566165543,4.37785235963245,0.0,0.0,0.000000,99,99,0,'NOCONN','TDD', 999,50,201,1,1,647232,78,3,-100,-12,1,1,2112
2024-12-16 11:06:34,5.49894542056658,4.38128742029348,0.0,0.0,0.000000,99,99,0,'NOCONN','TDD', 999,50,201,1,1,647232,78,3,-100,-12,4,1,2112
2024-12-16 11:06:35,5.22446010165758,4.39923867277186,0.0,0.0,0.000000,99,99,0,'NOCONN','TDD', 999,50,201,1,1,647232,78,3,-94,-11,12,1,2816
2024-12-16 11:06:36,4.93099372432206,4.42489858013844,0.0,0.0,0.000000,,,0,'NOCONN','TDD', 999,50,201,1,1,647232,78,3,-90,-11,14,1,3328
2024-12-16 11:06:37,4.62138503363002,4.43159736688941,0.0,0.0,0.000000,99,99,0,'NOCONN','TDD', 999,50,201,1,1,647232,78,3,-90,-11,14,1,3328
2024-12-16 11:06:38,4.35202440262315,4.42183927701393,0.0,0.0,0.000000,,,0,'NOCONN','TDD', 999,50,201,1,1,647232,78,3,-91,-11,18,1,3263
2024-12-16 11:06:39,4.08564349674061,4.39251214522901,0.0,0.0,0.000000,99,99,0,'NOCONN','TDD', 999,50,201,1,1,647232,78,3,-91,-11,18,1,3263
2024-12-16 11:06:40,3.83524683884001,4.37769745824763,0.0,0.0,0.000000,99,99,0,'NOCONN','TDD', 999,50,201,1,1,647232,78,3,-91,-11,18,1,3263
2024-12-16 11:06:41,3.55429940939952,4.34181323384854,0.0,0.0,0.000000,99,99,0,'NOCONN','TDD', 999,50,201,1,1,647232,78,3,-87,-11,11,1,3776
2024-12-16 11:06:43,3.2497320690145,4.15006059988003,0.0,0.0,0.000000,99,99,0,'NOCONN','TDD', 999,50,201,1,1,647232,78,3,-97,-12,14,1,2559
2024-12-16 11:06:44,3.05146746777165,3.95304241120355,0.0,0.0,0.000000,99,99,0,'NOCONN','TDD', 999,50,201,1,1,647232,78,3,-94,-11,19,1,2943
2024-12-16 11:06:46,2.8707646931109,3.56833538404851,0.0,0.0,0.000000,99,99,0,'NOCONN','TDD', 999,50,201,1,1,647232,78,3,-91,-11,16,1,3263
2024-12-16 11:06:47,2.83370530178594,3.23675635629102,0.0,0.0,0.000000,99,99,0,'NOCONN','TDD', 999,50,201,1,1,647232,78,3,-89,-11,17,1,3519
2024-12-16 11:06:48,2.81913211572448,2.93793164635926,0.0,0.0,0.000000,99,99,0,'NOCONN','TDD', 999,50,201,1,1,647232,78,3,-92,-11,17,1,3072
2024-12-16 11:06:49,2.82639187448165,2.6234699231533,0.0,0.0,0.000000,99,99,0,'NOCONN','TDD', 999,50,201,1,1,647232,78,3,-92,-11,17,1,3072
2024-12-16 11:06:51,2.80734389492654,2.28701136943221,0.0,0.0,0.000000,,,,'NOCONN','TDD', 999,50,201,1,1,647232,78,3,-104,-12,19,1,1536
2024-12-16 11:06:52,2.75779494781254,1.9432911732153,0.0,0.0,0.000000,99,99,0,'NOCONN','TDD', 999,50,201,1,1,647232,78,3,-96,-11,19,1,2623
2024-12-16 11:06:53,2.70388830238514,1.61587370956203,0.0,0.0,0.000000,99,99,0,'NOCONN','TDD', 999,50,201,1,1,647232,78,3,-99,-11,8,1,2239
2024-12-16 11:06:56,2.6926279811246,0.984377681163433,0.0,0.0,0.000000,99,99,0,'NOCONN','TDD', 999,50,201,1,1,647232,78,3,-92,-11,17,1,3072
2024-12-16 11:06:57,2.69297743299489,0.660788381482725,0.0,0.0,0.000000,99,99,0,'NOCONN','TDD', 999,50,201,1,1,647232,78,3,-92,-11,10,1,3072
2024-12-16 11:06:58,2.67614341644376,0.297486003671151,0.0,0.0,0.000000,,,0,'NOCONN','TDD', 999,50,201,1,1,647232,78,3,-102,-12,7,1,1856
2024-12-16 11:07:00,2.64181309196176,-0.0406070920475041,0.0,0.0,0.000000,,,0,'NOCONN','TDD', 999,50,201,1,1,647232,78,3,-99,-11,10,1,2239
2024-12-16 11:07:01,2.62031608896563,-0.393951303301062,0.0,0.0,0.000000,,,0,'NOCONN','TDD', 999,50,201,1,1,647232,78,3,-102,-11,13,1,1919
2024-12-16 11:07:02,2.57933602989747,-0.722695957168132,0.0,0.0,0.000000,99,99,0,'NOCONN','TDD', 999,50,201,1,1,647232,78,3,-106,-17,13,1,1343
2024-12-16 11:07:04,2.55361870711417,-1.07791324054999,0.0,0.0,0.000000,99,99,0,'NOCONN','TDD', 999,50,201,1,1,647232,78,3,-104,-12,1,1,1536
2024-12-16 11:07:05,2.5233648898809,-1.40538403334331,0.0,0.0,0.000000,,,,,,,,,,,,,,,,,,
2024-12-16 11:07:06,2.49882649912764,-1.70700423450295,0.0,0.0,0.000000,99,99,0,,,,,,,,,,,,,,,
2024-12-16 11:07:07,2.48258905693566,-2.02129654461567,0.0,0.0,0.000000,99,99,0,'NOCONN','TDD', 999,50,201,1,1,647232,78,3,-103,-12,12,1,1728
2024-12-16 11:07:09,2.42762518242009,-2.37554793363663,0.0,0.0,0.000000,99,99,0,'NOCONN','TDD', 999,50,201,1,1,647232,78,3,-98,-12,5,1,2368
2024-12-16 11:07:10,2.3473501384635,-2.68347127448006,0.0,0.0,0.000000,99,99,0,'NOCONN','TDD', 999,50,201,1,1,647232,78,3,-97,-12,5,1,2559
2024-12-16 11:07:11,2.23034459363647,-2.97337244639763,0.0,0.0,0.000000,99,99,0,'NOCONN','TDD', 999,50,201,1,1,647232,78,3,-96,-12,1,1,2623
2024-12-16 11:07:13,2.13950769628555,-3.27900285650278,0.0,0.0,0.000000,,,,,,,,,,,,,,,,,,
2024-12-16 11:07:14,2.06989561783709,-3.47270134972996,0.0,0.0,0.000000,99,99,0,'NOCONN','TDD', 999,50,201,1,1,647232,78,3,-97,-12,1,1,2559
2024-12-16 11:07:15,2.03748087229704,-3.56206348683705,0.0,0.0,0.000000,99,99,0,'NOCONN','TDD', 999,50,201,1,1,647232,78,3,-99,-15,5,1,2303
2024-12-16 11:07:42,2.37598742537825,-3.61801584193539,0.0,0.0,0.000000,99,99,0,'NOCONN','TDD', 999,50,201,1,1,647232,78,3,-92,-14,7,1,3072
2024-12-16 11:07:44,2.69087761598089,-3.59762557297339,0.0,0.0,0.000000,99,99,0,'NOCONN','TDD', 999,50,201,1,1,647232,78,3,-95,-12,2,1,2752
2024-12-16 11:07:46,3.01893614710495,-3.58765868100789,0.0,0.0,0.000000,,,0,'NOCONN','TDD', 999,50,201,1,1,647232,78,3,-97,-13,1,1,2559
2024-12-16 11:07:48,3.70218001518151,-3.57033137244067,0.0,0.0,0.000000,99,99,0,'NOCONN','TDD', 999,50,201,1,1,647232,78,3,-97,-16,1,1,2496
2024-12-16 11:07:50,4.06374305571416,-3.57021338575018,0.0,0.0,0.000000,99,99,0,'NOCONN','TDD', 999,50,201,1,1,647232,78,3,-102,-17,1,1,1856
2024-12-16 11:07:51,4.38712593666369,-3.61205114221376,0.0,0.0,0.000000,99,99,0,'NOCONN','TDD', 999,50,201,1,1,647232,78,3,-103,-22,1,1,1728
2024-12-16 11:07:52,4.74504999031962,-3.65352845521346,0.0,0.0,0.000000,,,0,'NOCONN','TDD', 999,50,201,1,1,647232,78,3,-110,-15,1,1,768
2024-12-16 11:07:53,5.08113737767595,-3.65224688360861,0.0,0.0,0.000000,,,,'NOCONN','TDD', 999,50,201,1,1,647232,78,3,-110,-23,1,1,768
2024-12-16 11:07:55,5.39407924525954,-3.61091962827463,0.0,0.0,0.000000,99,99,0,,,,,,,,,,,,,,,
2024-12-16 11:07:56,5.70496248730813,-3.63394273992294,0.0,0.0,0.000000,99,99,0,'NOCONN','TDD', 999,50,201,1,1,647232,78,3,-140,-40,1,1,-3072
2024-12-16 11:07:57,6.01686046449092,-3.57618406677112,0.0,0.0,0.000000,,,0,'NOCONN','TDD', 999,50,201,1,1,647232,78,3,-140,-40,1,1,-3072
2024-12-16 11:07:59,6.33837094793976,-3.61844497645407,0.0,0.0,0.000000,,,,'NOCONN','TDD', 999,50,201,1,1,647232,78,3,-140,-40,1,1,-3072
2024-12-16 11:08:02,6.97314206842834,-3.86455272779101,0.0,0.0,0.000000,99,99,,'NOCONN','TDD', 999,50,201,1,1,647232,78,3,-140,-40,1,1,-3072
2024-12-16 11:08:03,7.23123219824269,-3.77480515820705,0.0,0.0,0.000000,,,0,,,,,,,,,,,,,,,
2024-12-16 11:08:05,7.79934704500433,-3.61104954997336,0.0,0.0,0.000000,99,99,0,,,,,,,,,,,,,,,
2024-12-16 11:08:06,8.163726829182,-3.62971371402741,0.0,0.0,0.000000,99,99,0,,,,,,,,,,,,,,,
2024-12-16 11:08:07,8.50819084282152,-3.69305219431232,0.0,0.0,0.000000,99,99,0,'NOCONN','TDD', 999,50,201,1,1,647232,78,3,-140,-40,1,1,-3072
2024-12-16 11:08:09,8.84349172489201,-3.69820163515364,0.0,0.0,0.000000,99,99,0,,,,,,,,,,,,,,,
2024-12-16 11:08:10,9.18005089031988,-3.69021558747762,0.0,0.0,0.000000,,,,'NOCONN','TDD', 999,50,201,1,1,647232,78,3,-140,-40,1,1,-3072
2024-12-16 11:08:11,9.54328671183149,-3.70794558169636,0.0,0.0,0.000000,99,99,0,'NOCONN','TDD', 999,50,201,1,1,647232,78,3,-140,-40,1,1,-3072
2024-12-16 11:08:13,9.88529828813415,-3.73141283226081,0.0,0.0,0.000000,99,99,,'NOCONN','TDD', 999,50,201,1,1,647232,78,3,-140,-40,1,1,-3072
2024-12-16 11:08:14,10.2281681877776,-3.72562627988069,0.0,0.0,0.000000,,,,'NOCONN','TDD', 999,50,201,1,1,647232,78,3,-140,-40,1,1,-3072
2024-12-16 11:08:15,10.5762474035141,-3.71095180275547,0.0,0.0,0.000000,99,99,0,'NOCONN','TDD', 999,50,201,1,1,647232,78,3,-140,-40,1,1,-3072
2024-12-16 11:08:18,11.3217691136306,-3.71801049597913,0.0,0.0,0.000000,99,99,0,'NOCONN','TDD', 999,50,201,1,1,647232,78,3,-140,-40,1,1,-3072
2024-12-16 11:08:20,11.718412957378,-3.79644797464506,0.0,0.0,0.000000,,,0,'NOCONN','TDD', 999,50,301,2,1,647232,78,3,-92,-11,27,1,3199
2024-12-16 11:08:21,12.0215886657414,-3.70697621157471,0.0,0.0,0.000000,,,,'NOCONN','TDD', 999,50,301,2,1,647232,78,3,-92,-11,22,1,3072
2024-12-16 11:08:22,12.3248991523218,-3.65626915755955,0.0,0.0,0.000000,,,,'NOCONN','TDD', 999,50,301,2,1,647232,78,3,-92,-11,23,1,3072
2024-12-16 11:08:23,12.6753454994992,-3.6769303582591,0.0,0.0,0.000000,99,99,0,'NOCONN','TDD', 999,50,301,2,1,647232,78,3,-95,-11,23,1,2688
2024-12-16 11:08:24,12.9768572721272,-3.84226632047329,0.0,0.0,0.000000,99,99,0,'NOCONN','TDD', 999,50,301,2,1,647232,78,3,-84,-11,24,1,4096
2024-12-16 11:08:25,13.3954508934358,-4.09458041616883,0.0,0.0,0.000000,99,99,0,'NOCONN','TDD', 999,50,301,2,1,647232,78,3,-88,-11,17,1,3648
2024-12-16 11:08:27,13.7429109371754,-3.86755902302727,0.0,0.0,0.000000,99,99,0,'NOCONN','TDD', 999,50,301,2,1,647232,78,3,-99,-11,17,1,2239
2024-12-16 11:08:28,14.1688059906722,-4.04980828429326,0.0,0.0,0.000000,,,0,'NOCONN','TDD', 999,50,301,2,1,647232,78,3,-99,-11,16,1,2239
2024-12-16 11:08:30,14.5720768456761,-3.91363285033465,0.0,0.0,0.000000,99,99,0,'NOCONN','TDD', 999,50,301,2,1,647232,78,3,-90,-11,16,1,3328
2024-12-16 11:08:31,14.8650709003334,-3.87262311120036,0.0,0.0,0.000000,99,99,0,'NOCONN','TDD', 999,50,301,2,1,647232,78,3,-80,-11,27,1,4608
2024-12-16 11:08:32,15.0162777345804,-3.66083779410023,0.0,0.0,0.000000,99,99,0,,,,,,,,,,,,,,,
2024-12-16 11:08:33,15.3236899045474,-3.59782252409678,0.0,0.0,0.000000,99,99,0,'NOCONN','TDD', 999,50,301,2,1,647232,78,3,-90,-11,27,1,3392
2024-12-16 11:08:35,15.6124464331428,-3.51363587762448,0.0,0.0,0.000000,99,99,0,'NOCONN','TDD', 999,50,301,2,1,647232,78,3,-86,-11,27,1,3903
2024-12-16 11:08:36,15.8804577789739,-3.41384711180604,0.0,0.0,0.000000,99,99,0,,,,,,,,,,,,,,,
2024-12-16 11:08:37,16.1663092657704,-3.3504517054739,0.0,0.0,0.000000,,,0,,,,,,,,,,,,,,,
2024-12-16 11:08:38,16.4627783486381,-3.26715376147721,0.0,0.0,0.000000,99,99,0,'NOCONN','TDD', 999,50,301,2,1,647232,78,3,-80,-11,28,1,4608
2024-12-16 11:08:39,16.739857032851,-3.17807172329074,0.0,0.0,0.000000,99,99,0,'NOCONN','TDD', 999,50,301,2,1,647232,78,3,-82,-11,28,1,4416
2024-12-16 11:08:40,16.9843125986274,-3.04900568216618,0.0,0.0,0.000000,99,99,0,,,,,,,,,,,,,,,
2024-12-16 11:08:41,17.1700774203424,-2.91375277949411,0.0,0.0,0.000000,,,,'NOCONN','TDD', 999,50,301,2,1,647232,78,3,-87,-11,27,1,3839
2024-12-16 11:08:42,17.3692931966395,-2.76554587867984,0.0,0.0,0.000000,99,99,0,'NOCONN','TDD', 999,50,301,2,1,647232,78,3,-77,-11,27,1,5056
2024-12-16 11:08:43,17.5297941036314,-2.58476379328478,0.0,0.0,0.000000,99,99,,'NOCONN','TDD', 999,50,301,2,1,647232,78,3,-84,-11,27,1,4096
2024-12-16 11:08:45,17.6687780965252,-2.10197386738973,0.0,0.0,0.000000,99,99,0,'NOCONN','TDD', 999,50,301,2,1,647232,78,3,-90,-11,30,1,3328
2024-12-16 11:08:47,17.6926650436291,-1.79130694561488,0.0,0.0,0.000000,,,0,'NOCONN','TDD', 999,50,301,2,1,647232,78,3,-85,-11,23,1,3968
2024-12-16 11:08:49,17.6346054963726,-1.13717991199776,0.0,0.0,0.000000,99,99,0,'NOCONN','TDD', 999,50,301,2,1,647232,78,3,-94,-11,23,1,2943
2024-12-16 11:08:50,17.6492376423034,-0.840786575530886,0.0,0.0,0.000000,99,99,0,'NOCONN','TDD', 999,50,301,2,1,647232,78,3,-95,-11,22,1,2688
2024-12-16 11:08:51,17.6606598998288,-0.549752675838334,0.0,0.0,0.000000,99,99,0,'NOCONN','TDD', 999,50,301,2,1,647232,78,3,-85,-11,22,1,4032
2024-12-16 11:08:53,17.6660834882718,-0.24978192870388,0.0,0.0,0.000000,99,99,0,'NOCONN','TDD', 999,50,301,2,1,647232,78,3,-95,-11,26,1,2752
2024-12-16 11:08:54,17.6763238997216,0.0731099006104996,0.0,0.0,0.000000,99,99,0,'NOCONN','TDD', 999,50,301,2,1,647232,78,3,-95,-11,17,1,2752
2024-12-16 11:08:56,17.6654434649948,0.395783730814675,0.0,0.0,0.000000,99,99,0,'NOCONN','TDD', 999,50,301,2,1,647232,78,3,-94,-11,17,1,2879
2024-12-16 11:08:57,17.677144057781,0.693445690596912,0.0,0.0,0.000000,99,99,0,'NOCONN','TDD', 999,50,301,2,1,647232,78,3,-89,-11,12,1,3456
2024-12-16 11:08:58,17.6634844699311,0.972329080502922,0.0,0.0,0.000000,99,99,0,,,,,,,,,,,,,,,
2024-12-16 11:09:00,17.6716977324707,1.26094735838883,0.0,0.0,0.000000,99,99,0,'NOCONN','TDD', 999,50,301,2,1,647232,78,3,-94,-11,20,1,2816
2024-12-16 11:09:01,17.8117795232421,1.62147736400825,0.0,0.0,0.000000,99,99,0,'NOCONN','TDD', 999,50,301,2,1,647232,78,3,-97,-11,20,1,2559
2024-12-16 11:09:02,17.8241221182952,1.86592734776952,0.0,0.0,0.000000,99,99,0,'NOCONN','TDD', 999,50,301,2,1,647232,78,3,-96,-11,21,1,2623
2024-12-16 11:09:03,17.719131923568,2.12213338785703,0.0,0.0,0.000000,99,99,0,'NOCONN','TDD', 999,50,301,2,1,647232,78,3,-92,-11,18,1,3136
2024-12-16 11:09:05,17.6944657949672,2.45047058910835,0.0,0.0,0.000000,,,0,'NOCONN','TDD', 999,50,301,2,1,647232,78,3,-94,-11,24,1,2943
2024-12-16 11:09:06,17.6673949637894,2.80182557447903,0.0,0.0,0.000000,,,0,'NOCONN','TDD', 999,50,301,2,1,647232,78,3,-97,-11,15,1,2496
2024-12-16 11:09:07,17.6305544556245,3.13435720620336,0.0,0.0,0.000000,99,99,0,'NOCONN','TDD', 999,50,301,2,1,647232,78,3,-92,-11,15,1,3072
2024-12-16 11:09:09,17.5703761444922,3.44803154484572,0.0,0.0,0.000000,99,99,0,,,,,,,,,,,,,,,
2024-12-16 11:09:12,17.6337160347525,4.10486886480367,0.0,0.0,0.000000,99,99,0,'NOCONN','TDD', 999,50,301,2,1,647232,78,3,-102,-14,10,1,1919
2024-12-16 11:09:13,18.0706639848165,4.35978216722706,0.0,0.0,0.000000,99,99,0,'NOCONN','TDD', 999,50,301,2,1,647232,78,3,-94,-11,2,1,2879
2024-12-16 11:09:17,18.0910489783958,4.40368653138721,0.0,0.0,0.000000,99,99,0,'NOCONN','TDD', 999,50,301,2,1,647232,78,3,-94,-11,13,1,2816
2024-12-16 11:09:18,18.0785376153889,4.41791975785549,0.0,0.0,0.000000,,,,'NOCONN','TDD', 999,50,301,2,1,647232,78,3,-99,-12,13,1,2239
2024-12-16 11:09:21,17.8322615306544,4.52905774297349,0.0,0.0,0.000000,99,99,0,'NOCONN','TDD', 999,50,301,2,1,647232,78,3,-90,-11,12,1,3392
2024-12-16 11:09:22,17.5245971142522,4.60618038680275,0.0,0.0,0.000000,,,0,'NOCONN','TDD', 999,50,301,2,1,647232,78,3,-97,-11,18,1,2496
2024-12-16 11:09:26,16.9782476493859,4.74932274065562,0.0,0.0,0.000000,99,99,0,'NOCONN','TDD', 999,50,301,2,1,647232,78,3,-94,-11,14,1,2879
2024-12-16 11:09:28,16.6756921890306,4.79663963273197,0.0,0.0,0.000000,99,99,0,,,,,,,,,,,,,,,
2024-12-16 11:09:37,16.3710443545057,4.82889992203636,0.0,0.0,0.000000,,,,'NOCONN','TDD', 999,50,301,2,1,647232,78,3,-96,-11,13,1,2623
2024-12-16 11:09:39,16.3160228547583,4.84297562979078,0.0,0.0,0.000000,99,99,,'NOCONN','TDD', 999,50,301,2,1,647232,78,3,-91,-12,20,1,3263
2024-12-16 11:09:42,16.3247520767965,4.84185175087546,0.0,0.0,0.000000,99,99,0,,,,,,,,,,,,,,,
2024-12-16 11:09:43,16.3118214218619,4.80021117272722,0.0,0.0,0.000000,99,99,0,'NOCONN','TDD', 999,50,301,2,1,647232,78,3,-98,-14,6,1,2368
2024-12-16 11:09:45,15.718615796328,4.77496242471351,0.0,0.0,0.000000,,,0,'NOCONN','TDD', 999,50,301,2,1,647232,78,3,-94,-12,9,1,2816
2024-12-16 11:09:46,15.562488702855,4.82661201211601,0.0,0.0,0.000000,99,99,0,'NOCONN','TDD', 999,50,301,2,1,647232,78,3,-97,-12,7,1,2496
2024-12-16 11:09:48,15.2590412606932,4.86221884460631,0.0,0.0,0.000000,99,99,0,'NOCONN','TDD', 999,50,301,2,1,647232,78,3,-94,-12,7,1,2879
2024-12-16 11:09:49,14.9717362458393,4.90264356298237,0.0,0.0,0.000000,99,99,0,'NOCONN','TDD', 999,50,301,2,1,647232,78,3,-97,-12,7,1,2559
2024-12-16 11:09:51,14.084008405356,5.12688833032357,0.0,0.0,0.000000,99,99,0,'NOCONN','TDD', 999,50,301,2,1,647232,78,3,-104,-17,6,1,1663
2024-12-16 11:09:53,13.7328503058978,5.14944589479867,0.0,0.0,0.000000,99,99,0,'NOCONN','TDD', 999,50,301,2,1,647232,78,3,-107,-16,3,1,1279
2024-12-16 11:09:54,13.4101068679485,5.1390771404328,0.0,0.0,0.000000,99,99,0,'NOCONN','TDD', 999,50,301,2,1,647232,78,3,-105,-14,1,1,1472
2024-12-16 11:10:06,13.0767163039257,5.1201732424612,0.0,0.0,0.000000,99,99,,,,,,,,,,,,,,,,
2024-12-16 11:10:07,12.7461309833723,5.09385135213291,0.0,0.0,0.000000,99,99,0,,,,,,,,,,,,,,,
2024-12-16 11:10:08,12.4414976795599,5.08074293302395,0.0,0.0,0.000000,99,99,0,'NOCONN','TDD', 999,50,301,2,1,647232,78,3,-107,-15,1,1,1216
2024-12-16 11:10:10,12.1091113464626,5.05412695650803,0.0,0.0,0.000000,,,0,'NOCONN','TDD', 999,50,301,2,1,647232,78,3,-102,-15,5,1,1856
2024-12-16 11:10:12,11.8101656751334,5.0355459181682,0.0,0.0,0.000000,99,99,0,'NOCONN','TDD', 999,50,301,2,1,647232,78,3,-107,-19,5,1,1152
2024-12-16 11:10:13,11.5389475956574,5.04158070963263,0.0,0.0,0.000000,99,99,,'NOCONN','TDD', 999,50,301,2,1,647232,78,3,-109,-22,1,1,896
2024-12-16 11:10:15,11.2340878092031,5.02112338868849,0.0,0.0,0.000000,,,0,'NOCONN','TDD', 999,50,301,2,1,647232,78,3,-103,-19,1,1,1728
2024-12-16 11:10:16,10.9079193815568,4.94358019397125,0.0,0.0,0.000000,99,99,0,'NOCONN','TDD', 999,50,301,2,1,647232,78,3,-104,-14,1,1,1663
2024-12-16 11:10:18,10.6078975013198,4.82458310824256,0.0,0.0,0.000000,99,99,0,,,,,,,,,,,,,,,
2024-12-16 11:10:19,10.3456129051604,4.76310926873684,0.0,0.0,0.000000,99,99,0,,,,,,,,,,,,,,,
2024-12-16 11:10:21,10.6742353304607,3.72596360944449,0.0,0.0,0.000000,99,99,0,'NOCONN','TDD', 999,50,301,2,1,647232,78,3,-106,-15,1,1,1343
2024-12-16 11:10:23,10.9968582403458,3.20786127254504,0.0,0.0,0.000000,99,99,0,,,,,,,,,,,,,,,
2024-12-16 11:10:29,12.3652340685812,1.03954289155586,0.0,0.0,0.000000,99,99,0,'NOCONN','TDD', 999,50,301,2,1,647232,78,3,-111,-20,3,1,703
2024-12-16 11:10:31,12.301039452067,1.04696683396716,0.0,0.0,0.000000,99,99,0,'NOCONN','TDD', 999,50,301,2,1,647232,78,3,-104,-12,1,1,1536
2024-12-16 11:10:33,12.4084172270025,0.94438388078751,0.0,0.0,0.000000,,,0,'NOCONN','TDD', 999,50,301,2,1,647232,78,3,-102,-14,2,1,1792
2024-12-16 11:10:34,12.5933489519774,0.959428313113716,0.0,0.0,0.000000,,,0,'NOCONN','TDD', 999,50,301,2,1,647232,78,3,-101,-14,2,1,1983
2024-12-16 11:10:36,12.6190001097105,1.29018726490317,0.0,0.0,0.000000,99,99,0,'NOCONN','TDD', 999,50,301,2,1,647232,78,3,-97,-12,4,1,2496
2024-12-16 11:10:37,12.5994361695463,1.2973544734664,0.0,0.0,0.000000,,,0,'NOCONN','TDD', 999,50,301,2,1,647232,78,3,-104,-13,4,1,1536
2024-12-16 11:10:39,12.6234493280567,1.98135375737492,0.0,0.0,0.000000,99,99,0,,,,,,,,,,,,,,,
2024-12-16 11:10:41,12.5614586818342,2.27890785908793,0.0,0.0,0.000000,99,99,0,'NOCONN','TDD', 999,50,301,2,1,647232,78,3,-102,-13,5,1,1919
2024-12-16 11:10:42,12.5302872851944,2.55337708164257,0.0,0.0,0.000000,99,99,0,'NOCONN','TDD', 999,50,301,2,1,647232,78,3,-104,-12,5,1,1599
2024-12-16 11:10:44,12.4498121386218,3.32468205742581,0.0,0.0,0.000000,,,0,'NOCONN','TDD', 999,50,301,2,1,647232,78,3,-111,-14,8,1,703
2024-12-16 11:10:47,12.4064357419993,3.53350059624892,0.0,0.0,0.000000,99,99,0,'NOCONN','TDD', 999,50,301,2,1,647232,78,3,-99,-12,6,1,2239
2024-12-16 11:10:49,12.5323918380615,3.84813434435075,0.0,0.0,0.000000,99,99,0,'NOCONN','TDD', 999,50,301,2,1,647232,78,3,-94,-11,11,1,2943
2024-12-16 11:10:51,12.8386735468014,4.20444548165499,0.0,0.0,0.000000,99,99,0,'NOCONN','TDD', 999,50,301,2,1,647232,78,3,-99,-11,15,1,2176
2024-12-16 11:10:52,12.9101137419272,4.31258310500287,0.0,0.0,0.000000,99,99,0,'NOCONN','TDD', 999,50,301,2,1,647232,78,3,-99,-11,12,1,2176
2024-12-16 11:10:53,12.9560107930794,4.4748249096884,0.0,0.0,0.000000,99,99,0,'NOCONN','TDD', 999,50,301,2,1,647232,78,3,-91,-12,17,1,3263
2024-12-16 11:10:54,12.9773106406973,4.61527956805248,0.0,0.0,0.000000,99,99,0,'NOCONN','TDD', 999,50,301,2,1,647232,78,3,-98,-11,17,1,2368
2024-12-16 11:10:55,12.9848990970402,4.7922344434819,0.0,0.0,0.000000,99,99,0,'NOCONN','TDD', 999,50,301,2,1,647232,78,3,-94,-11,13,1,2943
2024-12-16 11:10:57,12.886582362108,4.95840770660224,0.0,0.0,0.000000,99,99,0,'NOCONN','TDD', 999,50,301,2,1,647232,78,3,-91,-11,13,1,3263
2024-12-16 11:10:58,12.7041264267764,4.98994762421566,0.0,0.0,0.000000,99,99,0,'NOCONN','TDD', 999,50,301,2,1,647232,78,3,-95,-11,13,1,2752
2024-12-16 11:11:00,11.9782718535816,5.03574477269557,0.0,0.0,0.000000,99,99,0,'NOCONN','TDD', 999,50,301,2,1,647232,78,3,-94,-11,13,1,2879
2024-12-16 11:11:01,10.87626744805,5.28432482240367,0.0,0.0,0.000000,99,99,0,'NOCONN','TDD', 999,50,301,2,1,647232,78,3,-94,-11,13,1,2816
2024-12-16 11:11:12,9.39463364811845,5.52048511875468,0.0,0.0,0.000000,99,99,0,'NOCONN','TDD', 999,50,301,2,1,647232,78,3,-105,-12,6,1,1472
2024-12-16 11:11:13,9.18626887337862,5.51412697322057,0.0,0.0,0.000000,99,99,0,'NOCONN','TDD', 999,50,301,2,1,647232,78,3,-95,-11,11,1,2752
2024-12-16 11:11:14,9.1630841847824,5.13179375670699,0.0,0.0,0.000000,,,,'NOCONN','TDD', 999,50,301,2,1,647232,78,3,-94,-11,17,1,2879
2024-12-16 11:11:18,8.3106234877252,5.08788775509957,0.0,0.0,0.000000,99,99,0,'NOCONN','TDD', 999,50,301,2,1,647232,78,3,-96,-11,12,1,2623
2024-12-16 11:11:27,8.59292984202135,5.09769767149574,0.0,0.0,0.000000,99,99,0,'NOCONN','TDD', 999,50,301,2,1,647232,78,3,-94,-11,19,1,2943
2024-12-16 11:11:29,8.30556147898267,5.09319544681724,0.0,0.0,0.000000,,,,'NOCONN','TDD', 999,50,301,2,1,647232,78,3,-95,-11,16,1,2752
2024-12-16 11:11:30,7.96807394003659,5.08391695775423,0.0,0.0,0.000000,,,0,'NOCONN','TDD', 999,50,301,2,1,647232,78,3,-96,-11,16,1,2623
2024-12-16 11:11:32,7.65796390392617,4.95044236846267,0.0,0.0,0.000000,99,99,0,'NOCONN','TDD', 999,50,301,2,1,647232,78,3,-104,-12,7,1,1536
2024-12-16 11:11:33,7.41234328255027,4.83739277218655,0.0,0.0,0.000000,99,99,0,,,,,,,,,,,,,,,
2024-12-16 11:11:35,7.19346322258319,4.53873039257467,0.0,0.0,0.000000,99,99,,'NOCONN','TDD', 999,50,301,2,1,647232,78,3,-99,-12,7,1,2303
2024-12-16 11:11:36,6.82810521547971,4.40351239316003,0.0,0.0,0.000000,,,0,,,,,,,,,,,,,,,
2024-12-16 11:11:37,6.61560067699352,4.2898037021164,0.0,0.0,0.000000,99,99,0,'NOCONN','TDD', 999,50,301,2,1,647232,78,3,-98,-11,13,1,2368
2024-12-16 11:11:38,6.40915696459381,4.1673282907817,0.0,0.0,0.000000,99,99,0,'NOCONN','TDD', 999,50,301,2,1,647232,78,3,-97,-11,13,1,2496
2024-12-16 11:11:39,6.16899344467901,4.06355983049886,0.0,0.0,0.000000,,,0,,,,,,,,,,,,,,,
2024-12-16 11:11:40,5.94103260899581,3.99387410832763,0.0,0.0,0.000000,99,99,0,'NOCONN','TDD', 999,50,301,2,1,647232,78,3,-99,-11,9,1,2239
2024-12-16 11:11:42,5.56419212899113,3.9842003489331,0.0,0.0,0.000000,99,99,0,'NOCONN','TDD', 999,50,301,2,1,647232,78,3,-106,-12,15,1,1343
2024-12-16 11:11:44,5.51867279455358,4.01982875722429,0.0,0.0,0.000000,99,99,0,'NOCONN','TDD', 999,50,301,2,1,647232,78,3,-108,-15,10,1,1088
2024-12-16 11:11:47,5.3863068057754,3.9810266639519,0.0,0.0,0.000000,99,99,0,'NOCONN','TDD', 999,50,301,2,1,647232,78,3,-106,-12,7,1,1343
2024-12-16 11:11:50,5.44314362295467,3.86108144411558,0.0,0.0,0.000000,99,99,0,'NOCONN','TDD', 999,50,301,2,1,647232,78,3,-107,-17,1,1,1216
2024-12-16 11:11:53,5.46951779918898,3.8514650116539,0.0,0.0,0.000000,,,0,'NOCONN','TDD', 999,50,301,2,1,647232,78,3,-107,-15,1,1,1279
2024-12-16 11:11:55,5.49810965429033,3.85012130658274,0.0,0.0,0.000000,99,99,0,'NOCONN','TDD', 999,50,301,2,1,647232,78,3,-105,-15,1,1,1472
2024-12-16 11:11:59,15.9345648196678,11.5210233189498,0.0,0.0,0.000000,,,,'NOCONN','TDD', 999,50,301,2,1,647232,78,3,-116,-22,1,1,63
2024-12-16 11:12:00,15.9996795415757,11.3224368140416,0.0,0.0,0.000000,,,,'NOCONN','TDD', 999,50,301,2,1,647232,78,3,-95,-12,1,1,2688
2024-12-16 11:12:03,15.804030687702,10.8382871997865,0.0,0.0,0.000000,99,99,0,,,,,,,,,,,,,,,
2024-12-16 11:12:04,19.031397593389,5.45447760931641,0.0,0.0,0.000000,,,0,,,,,,,,,,,,,,,
2024-12-16 11:12:06,18.8886616192678,5.39753024321111,0.0,0.0,0.000000,99,99,0,'NOCONN','TDD', 999,50,301,2,1,647232,78,3,-94,-12,8,1,2943
2024-12-16 11:12:07,18.8496058389514,5.36131042586214,0.0,0.0,0.000000,,,0,'NOCONN','TDD', 999,50,301,2,1,647232,78,3,-97,-12,8,1,2559
2024-12-16 11:12:08,18.8440845234701,5.20058549836551,0.0,0.0,0.000000,99,99,0,'NOCONN','TDD', 999,50,301,2,1,647232,78,3,-98,-12,8,1,2368
2024-12-16 11:12:10,18.3195895353476,5.11903858484985,0.0,0.0,0.000000,99,99,0,,,,,,,,,,,,,,,
2024-12-16 11:12:11,18.018011291231,5.1382299570055,0.0,0.0,0.000000,99,99,0,'NOCONN','TDD', 999,50,301,2,1,647232,78,3,-87,-11,11,1,3712
2024-12-16 11:12:12,17.7158956425434,5.13568039010102,0.0,0.0,0.000000,99,99,0,'NOCONN','TDD', 999,50,301,2,1,647232,78,3,-94,-12,4,1,2816
2024-12-16 11:12:14,17.4569515938307,5.11757008563295,0.0,0.0,0.000000,,,,'NOCONN','TDD', 999,50,301,2,1,647232,78,3,-90,-11,6,1,3392
2024-12-16 11:12:15,17.1765069208832,5.13078239340157,0.0,0.0,0.000000,99,99,0,'NOCONN','TDD', 999,50,301,2,1,647232,78,3,-89,-11,11,1,3519
2024-12-16 11:12:16,16.8639144185504,5.14942422974216,0.0,0.0,0.000000,99,99,0,'NOCONN','TDD', 999,50,301,2,1,647232,78,3,-94,-11,18,1,2943
2024-12-16 11:12:18,16.3135053449814,5.1347090644939,0.0,0.0,0.000000,99,99,0,'NOCONN','TDD', 999,50,301,2,1,647232,78,3,-106,-17,18,1,1343
2024-12-16 11:12:20,16.0385452835608,5.13068977734135,0.0,0.0,0.000000,99,99,0,'NOCONN','TDD', 999,50,301,2,1,647232,78,3,-94,-12,4,1,2879
2024-12-16 11:12:21,15.7486717886912,5.14583268773296,0.0,0.0,0.000000,99,99,,'NOCONN','TDD', 999,50,301,2,1,647232,78,3,-91,-11,4,1,3263
2024-12-16 11:12:22,15.4731849217283,5.17068543677375,0.0,0.0,0.000000,99,99,0,'NOCONN','TDD', 999,50,301,2,1,647232,78,3,-96,-12,6,1,2623
2024-12-16 11:12:23,15.1958584887003,5.1741839240769,0.0,0.0,0.000000,99,99,,'NOCONN','TDD', 999,50,301,2,1,647232,78,3,-104,-15,6,1,1536
2024-12-16 11:12:24,14.9381588909149,5.18070836756295,0.0,0.0,0.000000,99,99,0,'NOCONN','TDD', 999,50,301,2,1,647232,78,3,-97,-12,9,1,2432
2024-12-16 11:12:25,14.6386833927045,5.18209027161029,0.0,0.0,0.000000,99,99,0,,,,,,,,,,,,,,,
2024-12-16 11:12:26,14.3641893392889,5.19254067849288,0.0,0.0,0.000000,99,99,0,,,,,,,,,,,,,,,
2024-12-16 11:12:28,14.0660201721905,5.18985419956662,0.0,0.0,0.000000,99,99,0,'NOCONN','TDD', 999,50,301,2,1,647232,78,3,-99,-12,5,1,2303
2024-12-16 11:12:29,13.7461848424751,5.18009410666996,0.0,0.0,0.000000,99,99,0,'NOCONN','TDD', 999,50,301,2,1,647232,78,3,-104,-15,8,1,1599
2024-12-16 11:12:30,13.1411704789872,5.1554909303014,0.0,0.0,0.000000,99,99,0,,,,,,,,,,,,,,,
2024-12-16 11:12:32,12.8487820433908,5.15144681412681,0.0,0.0,0.000000,99,99,0,'NOCONN','TDD', 999,50,301,2,1,647232,78,3,-109,-19,1,1,1023
2024-12-16 11:12:34,12.2883466840254,5.17764744521749,0.0,0.0,0.000000,99,99,0,'NOCONN','TDD', 999,50,301,2,1,647232,78,3,-109,-17,1,1,959
2024-12-16 11:12:35,12.0150996565043,5.14233263067961,0.0,0.0,0.000000,99,99,0,'NOCONN','TDD', 999,50,301,2,1,647232,78,3,-109,-17,1,1,959
2024-12-16 11:12:36,11.7618130786622,5.14085910852825,0.0,0.0,0.000000,99,99,0,'NOCONN','TDD', 999,50,301,2,1,647232,78,3,-99,-14,1,1,2176
2024-12-16 11:12:37,11.5154239854125,5.10274530021908,0.0,0.0,0.000000,99,99,0,'NOCONN','TDD', 999,50,301,2,1,647232,78,3,-99,-14,1,1,2176
2024-12-16 11:12:38,11.2257945363294,5.08902929442116,0.0,0.0,0.000000,,,0,'NOCONN','TDD', 999,50,301,2,1,647232,78,3,-108,-19,1,1,1088
2024-12-16 11:12:41,10.5883827129278,5.05653114242328,0.0,0.0,0.000000,99,99,0,'NOCONN','TDD', 999,50,301,2,1,647232,78,3,-109,-22,1,1,1023
2024-12-16 11:12:42,10.235634105605,5.06929822583751,0.0,0.0,0.000000,,,,'NOCONN','TDD', 999,50,301,2,1,647232,78,3,-102,-14,1,1,1856
2024-12-16 11:12:43,9.88096169285658,5.09993436121378,0.0,0.0,0.000000,,,0,'NOCONN','TDD', 999,50,301,2,1,647232,78,3,-108,-17,1,1,1088
2024-12-16 11:12:44,9.58398026523309,5.11015750624518,0.0,0.0,0.000000,99,99,,'NOCONN','TDD', 999,50,301,2,1,647232,78,3,-109,-17,1,1,896
2024-12-16 11:12:45,9.30420509487716,5.1008474001405,0.0,0.0,0.000000,99,99,0,'NOCONN','TDD', 999,50,301,2,1,647232,78,3,-105,-15,1,1,1408
2024-12-16 11:12:46,9.03326297350416,5.1004018154227,0.0,0.0,0.000000,99,99,0,'NOCONN','TDD', 999,50,301,2,1,647232,78,3,-112,-22,1,1,639
2024-12-16 11:12:48,8.77821943796037,5.10071338516032,0.0,0.0,0.000000,,,0,,,,,,,,,,,,,,,
2024-12-16 11:12:49,8.50135326249573,5.13770327261852,0.0,0.0,0.000000,99,99,0,'NOCONN','TDD', 999,50,301,2,1,647232,78,3,-112,-20,1,1,639
2024-12-16 11:12:51,8.28826687310137,5.13777084452596,0.0,0.0,0.000000,99,99,0,'NOCONN','TDD', 999,50,301,2,1,647232,78,3,-140,-40,1,1,-3072
2024-12-16 11:12:52,7.77536487824218,5.132510993505,0.0,0.0,0.000000,99,99,0,'NOCONN','TDD', 999,50,301,2,1,647232,78,3,-140,-40,1,1,-3072
2024-12-16 11:12:53,7.49461758242066,5.14788785633705,0.0,0.0,0.000000,,,,'NOCONN','TDD', 999,50,301,2,1,647232,78,3,-107,-16,1,1,1216
2024-12-16 11:12:54,7.18723938571891,5.16652375776163,0.0,0.0,0.000000,99,99,0,'NOCONN','TDD', 999,50,301,2,1,647232,78,3,-104,-15,1,1,1663
2024-12-16 11:12:55,6.8247959654702,5.18113427218472,0.0,0.0,0.000000,99,99,0,'NOCONN','TDD', 999,50,301,2,1,647232,78,3,-108,-16,1,1,1088
2024-12-16 11:12:56,6.50700600625643,5.17622008922213,0.0,0.0,0.000000,,,,'NOCONN','TDD', 999,50,301,2,1,647232,78,3,-109,-22,1,1,959
2024-12-16 11:12:57,6.19964621723983,5.15608086065743,0.0,0.0,0.000000,,,0,'NOCONN','TDD', 999,50,301,2,1,647232,78,3,-107,-17,1,1,1279
2024-12-16 11:12:59,5.91972701440594,5.14611570234802,0.0,0.0,0.000000,99,99,0,,,,,,,,,,,,,,,
2024-12-16 11:13:00,5.61160290317432,5.13470794681476,0.0,0.0,0.000000,99,99,,'NOCONN','TDD', 999,50,301,2,1,647232,78,3,-109,-17,1,1,1023
2024-12-16 11:13:01,5.33928418892552,5.09756121442435,0.0,0.0,0.000000,99,99,0,'NOCONN','TDD', 999,50,301,2,1,647232,78,3,-140,-40,1,1,-3072
2024-12-16 11:13:03,4.79493992215789,5.010380117732,0.0,0.0,0.000000,,,,,,,,,,,,,,,,,,
2024-12-16 11:13:04,4.50187283250768,4.9956612914547,0.0,0.0,0.000000,99,99,0,'NOCONN','TDD', 999,50,301,2,1,647232,78,3,-140,-40,1,1,-3072
2024-12-16 11:13:05,4.2501494950952,5.0003242095076,0.0,0.0,0.000000,99,99,0,'NOCONN','TDD', 999,50,301,2,1,647232,78,3,-112,-24,1,1,639
2024-12-16 11:13:07,3.94963171758956,4.98454930848086,0.0,0.0,0.000000,99,99,0,'NOCONN','TDD', 999,50,301,2,1,647232,78,3,-140,-40,1,1,-3072
2024-12-16 11:13:08,3.66811952005007,4.97622057692121,0.0,0.0,0.000000,99,99,0,'NOCONN','TDD', 999,50,301,2,1,647232,78,3,-140,-40,1,1,-3072
2024-12-16 11:13:09,3.36707639640245,4.99333099737786,0.0,0.0,0.000000,,,,'NOCONN','TDD', 999,50,301,2,1,647232,78,3,-140,-40,1,1,-3072
2024-12-16 11:13:10,3.05260517382828,5.00097168262516,0.0,0.0,0.000000,99,99,0,,,,,,,,,,,,,,,
2024-12-16 11:13:11,2.77435428365175,4.98514112026367,0.0,0.0,0.000000,99,99,0,'NOCONN','TDD', 999,50,301,2,1,647232,78,3,-140,-40,1,1,-3072
2024-12-16 11:13:12,2.4812232146748,4.93284790356342,0.0,0.0,0.000000,,,0,'NOCONN','TDD', 999,50,301,2,1,647232,78,3,-140,-40,1,1,-3072
2024-12-16 11:13:14,1.94272760157931,4.82303177534436,0.0,0.0,0.000000,99,99,0,'NOCONN','TDD', 999,50,301,2,1,647232,78,3,-140,-40,1,1,-3072
2024-12-16 11:13:17,1.34459562354222,4.85855292858793,0.0,0.0,0.000000,,,0,'NOCONN','TDD', 999,50,301,2,1,647232,78,3,-110,-22,1,1,832
2024-12-16 11:13:18,1.04506000147802,4.86430684267218,0.0,0.0,0.000000,99,99,0,,,,,,,,,,,,,,,
2024-12-16 11:13:19,0.764808428596951,4.8651544444185,0.0,0.0,0.000000,99,99,0,'NOCONN','TDD', 999,50,301,2,1,647232,78,3,-140,-40,1,1,-3072
2024-12-16 11:13:20,0.448847776359594,4.84417463529132,0.0,0.0,0.000000,,,0,'NOCONN','TDD', 999,50,301,2,1,647232,78,3,-140,-40,1,1,-3072
2024-12-16 11:13:21,0.138728868019606,4.85555557845257,0.0,0.0,0.000000,99,99,0,,,,,,,,,,,,,,,
2024-12-16 11:13:22,-0.146012238701115,4.87919992729088,0.0,0.0,0.000000,99,99,,'NOCONN','TDD', 999,50,301,2,1,647232,78,3,-140,-40,1,1,-3072
2024-12-16 11:13:23,-0.53754425090037,4.90605400940477,0.0,0.0,0.000000,99,99,0,'NOCONN','TDD', 999,50,301,2,1,647232,78,3,-140,-40,1,1,-3072
2024-12-16 11:13:24,-0.805021390054496,4.91706616266396,0.0,0.0,0.000000,99,99,0,'NOCONN','TDD', 999,50,301,2,1,647232,78,3,-140,-40,1,1,-3072
2024-12-16 11:13:26,-1.14994123609747,4.91947421231583,0.0,0.0,0.000000,99,99,0,'NOCONN','TDD', 999,50,301,2,1,647232,78,3,-140,-40,1,1,-3072
2024-12-16 11:13:27,-1.38781173297279,4.93814585448409,0.0,0.0,0.000000,99,99,0,'NOCONN','TDD', 999,50,301,2,1,647232,78,3,-140,-40,1,1,-3072
2024-12-16 11:13:29,-1.96851359885449,4.96627000955517,0.0,0.0,0.000000,,,,'NOCONN','TDD', 999,50,301,2,1,647232,78,3,-140,-40,1,1,-3072
2024-12-16 11:13:30,-2.2293171754618,4.96685812807259,0.0,0.0,0.000000,,,,,,,,,,,,,,,,,,
2024-12-16 11:13:31,-2.46044487196202,4.96722814853793,0.0,0.0,0.000000,99,99,0,'NOCONN','TDD', 999,50,301,2,1,647232,78,3,-140,-40,1,1,-3072
2024-12-16 11:13:32,-2.74489778135348,4.96633396685962,0.0,0.0,0.000000,,,0,'NOCONN','TDD', 999,50,101,0,1,647232,78,3,-94,-12,11,1,2943
2024-12-16 11:13:33,-3.02150211443971,4.96431214775663,0.0,0.0,0.000000,99,99,,'NOCONN','TDD', 999,50,101,0,1,647232,78,3,-94,-11,11,1,2943
2024-12-16 11:13:34,-3.2611262747155,4.96851379193239,0.0,0.0,0.000000,99,99,0,,,,,,,,,,,,,,,
2024-12-16 11:13:35,-3.55023773213429,4.97775006325399,0.0,0.0,0.000000,99,99,0,'NOCONN','TDD', 999,50,101,0,1,647232,78,3,-102,-12,13,1,1856
2024-12-16 11:13:37,-3.83473178760316,4.99305630997877,0.0,0.0,0.000000,99,99,0,'NOCONN','TDD', 999,50,101,0,1,647232,78,3,-105,-12,14,1,1408
2024-12-16 11:13:38,-4.13295294906637,4.99140247338557,0.0,0.0,0.000000,99,99,0,'NOCONN','TDD', 999,50,101,0,1,647232,78,3,-97,-12,10,1,2432
2024-12-16 11:13:39,-4.4410930399947,5.00123747178943,0.0,0.0,0.000000,99,99,0,'NOCONN','TDD', 999,50,101,0,1,647232,78,3,-95,-11,5,1,2752
2024-12-16 11:13:40,-4.73839088791448,5.03677986069781,0.0,0.0,0.000000,99,99,0,'NOCONN','TDD', 999,50,101,0,1,647232,78,3,-95,-11,5,1,2752
2024-12-16 11:13:41,-5.10568387077239,5.05604379577288,0.0,0.0,0.000000,99,99,0,'NOCONN','TDD', 999,50,101,0,1,647232,78,3,-95,-11,18,1,2688
2024-12-16 11:13:42,-5.40290468565622,5.06897184920822,0.0,0.0,0.000000,99,99,0,'NOCONN','TDD', 999,50,101,0,1,647232,78,3,-100,-12,14,1,2048
2024-12-16 11:13:44,-5.70316372889194,5.06615095863357,0.0,0.0,0.000000,,,0,,,,,,,,,,,,,,,
2024-12-16 11:13:45,-5.97424460920485,5.06925009397896,0.0,0.0,0.000000,,,0,'NOCONN','TDD', 999,50,101,0,1,647232,78,3,-94,-11,12,1,2816
2024-12-16 11:13:46,-6.24620978217016,5.06774592155809,0.0,0.0,0.000000,99,99,0,'NOCONN','TDD', 999,50,101,0,1,647232,78,3,-104,-14,19,1,1663
2024-12-16 11:13:47,-6.53608381255017,5.08462232717384,0.0,0.0,0.000000,,,0,,,,,,,,,,,,,,,
2024-12-16 11:13:48,-6.82673031226471,5.09143891965837,0.0,0.0,0.000000,99,99,0,'NOCONN','TDD', 999,50,101,0,1,647232,78,3,-99,-11,11,1,2303
2024-12-16 11:13:49,-7.12801201296024,5.08566939496302,0.0,0.0,0.000000,,,,'NOCONN','TDD', 999,50,101,0,1,647232,78,3,-94,-11,11,1,2816
2024-12-16 11:13:50,-7.41975879451567,5.07734885096045,0.0,0.0,0.000000,,,0,'NOCONN','TDD', 999,50,101,0,1,647232,78,3,-94,-11,11,1,2879
2024-12-16 11:13:51,-7.71768847247834,5.0641349142614,0.0,0.0,0.000000,,,,'NOCONN','TDD', 999,50,101,0,1,647232,78,3,-91,-11,23,1,3263
2024-12-16 11:13:52,-7.98671907809337,5.02020371865473,0.0,0.0,0.000000,99,99,0,'NOCONN','TDD', 999,50,101,0,1,647232,78,3,-97,-11,1,1,2559
2024-12-16 11:13:53,-8.21698778352988,4.96397477006992,0.0,0.0,0.000000,99,99,0,,,,,,,,,,,,,,,
2024-12-16 11:13:54,-8.46070630463239,4.8717914098513,0.0,0.0,0.000000,99,99,0,'NOCONN','TDD', 999,50,101,0,1,647232,78,3,-92,-11,12,1,3072
2024-12-16 11:13:58,-8.97937180660759,4.45617575899779,0.0,0.0,0.000000,99,99,0,'NOCONN','TDD', 999,50,101,0,1,647232,78,3,-97,-12,19,1,2496
2024-12-16 11:13:59,-8.93594549667891,4.46211242635371,0.0,0.0,0.000000,99,99,0,'NOCONN','TDD', 999,50,101,0,1,647232,78,3,-102,-14,8,1,1919
2024-12-16 11:14:00,-9.04270666233973,4.44433954562754,0.0,0.0,0.000000,99,99,0,,,,,,,,,,,,,,,
2024-12-16 11:14:26,-9.04280024063023,4.44435463490233,0.0,0.0,0.000000,99,99,0,'NOCONN','TDD', 999,50,201,1,1,647232,78,3,-98,-12,7,1,1984
2024-12-16 11:14:27,-9.17599644387513,4.4511731244543,0.0,0.0,0.000000,99,99,0,'NOCONN','TDD', 999,50,201,1,1,647232,78,3,-97,-13,7,1,2048
2024-12-16 11:14:29,-9.28770633541316,4.35227290393452,0.0,0.0,0.000000,99,99,0,'NOCONN','TDD', 999,50,101,0,1,647232,78,3,-92,-11,14,1,2688
2024-12-16 11:14:30,-9.65530384032574,4.34290457917277,0.0,0.0,0.000000,99,99,0,'NOCONN','TDD', 999,50,101,0,1,647232,78,3,-90,-11,17,1,3008
2024-12-16 11:14:31,-9.93415620104212,4.377709788534,0.0,0.0,0.000000,99,99,0,'NOCONN','TDD', 999,50,101,0,1,647232,78,3,-90,-11,17,1,3008
2024-12-16 11:14:32,-10.2313365800672,4.4286958543068,0.0,0.0,0.000000,99,99,0,,,,,,,,,,,,,,,
2024-12-16 11:14:34,-10.5293144553726,4.45916548181072,0.0,0.0,0.000000,99,99,0,'NOCONN','TDD', 999,50,101,0,1,647232,78,3,-92,-11,17,1,2815
2024-12-16 11:14:35,-10.8232218685582,4.49530208882917,0.0,0.0,0.000000,99,99,0,'NOCONN','TDD', 999,50,101,0,1,647232,78,3,-91,-11,17,1,2879
2024-12-16 11:14:36,-11.0775007630267,4.50203760537983,0.0,0.0,0.000000,,,0,'NOCONN','TDD', 999,50,101,0,1,647232,78,3,-105,-12,23,1,1088
2024-12-16 11:14:37,-11.2786950957716,4.5333732606661,0.0,0.0,0.000000,,,0,'NOCONN','TDD', 999,50,101,0,1,647232,78,3,-94,-11,23,1,2559
2024-12-16 11:14:38,-11.5963086130071,4.54816758876896,0.0,0.0,0.000000,99,99,0,'NOCONN','TDD', 999,50,101,0,1,647232,78,3,-89,-11,22,1,3135
2024-12-16 11:14:39,-11.825962745886,4.56787402028423,0.0,0.0,0.000000,99,99,0,'NOCONN','TDD', 999,50,101,0,1,647232,78,3,-89,-11,24,1,3135
2024-12-16 11:14:40,-12.1649887455217,4.56746661564729,0.0,0.0,0.000000,99,99,0,'NOCONN','TDD', 999,50,101,0,1,647232,78,3,-89,-11,24,1,3135
2024-12-16 11:14:43,-12.7843303917615,4.61620574232925,0.0,0.0,0.000000,99,99,,'NOCONN','TDD', 999,50,101,0,1,647232,78,3,-90,-11,14,1,3008
2024-12-16 11:14:44,-13.1260750254838,4.66834843333705,0.0,0.0,0.000000,99,99,0,'NOCONN','TDD', 999,50,101,0,1,647232,78,3,-94,-11,23,1,2432
2024-12-16 11:14:45,-13.3868302573786,4.69271104934921,0.0,0.0,0.000000,99,99,0,'NOCONN','TDD', 999,50,101,0,1,647232,78,3,-90,-11,23,1,3008
2024-12-16 11:14:46,-13.7598441356474,4.71953644920294,0.0,0.0,0.000000,99,99,0,,,,,,,,,,,,,,,
2024-12-16 11:14:47,-14.0747168132818,4.75631517813093,0.0,0.0,0.000000,,,0,'NOCONN','TDD', 999,50,101,0,1,647232,78,3,-87,-11,19,1,3328
2024-12-16 11:14:49,-14.438975231022,4.84039907573007,0.0,0.0,0.000000,99,99,0,'NOCONN','TDD', 999,50,101,0,1,647232,78,3,-86,-11,27,1,3519
2024-12-16 11:14:50,-14.7801160734309,4.92407477352198,0.0,0.0,0.000000,99,99,,'NOCONN','TDD', 999,50,101,0,1,647232,78,3,-87,-11,27,1,3455
2024-12-16 11:14:51,-15.0678890774453,4.97203534583315,0.0,0.0,0.000000,,,0,,,,,,,,,,,,,,,
2024-12-16 11:14:52,-15.3381573403188,4.97982349321928,0.0,0.0,0.000000,99,99,0,'NOCONN','TDD', 999,50,101,0,1,647232,78,3,-89,-11,19,1,3199
2024-12-16 11:14:53,-15.6303311116687,4.96571625383395,0.0,0.0,0.000000,99,99,,'NOCONN','TDD', 999,50,101,0,1,647232,78,3,-89,-11,23,1,3199
2024-12-16 11:14:54,-15.8956695350393,4.9276143350548,0.0,0.0,0.000000,99,99,0,'NOCONN','TDD', 999,50,101,0,1,647232,78,3,-84,-11,23,1,3712
2024-12-16 11:14:55,-16.1377652397711,4.85380871901918,0.0,0.0,0.000000,99,99,0,'NOCONN','TDD', 999,50,101,0,1,647232,78,3,-81,-11,28,1,4159
2024-12-16 11:14:58,-16.6752198287633,4.6480172837347,0.0,0.0,0.000000,99,99,0,'NOCONN','TDD', 999,50,101,0,1,647232,78,3,-90,-11,33,1,3008
2024-12-16 11:14:59,-16.9538471956295,4.53840372923827,0.0,0.0,0.000000,99,99,,'NOCONN','TDD', 999,50,101,0,1,647232,78,3,-94,-11,22,1,2432
2024-12-16 11:15:00,-17.2181784585963,4.46184567009595,0.0,0.0,0.000000,,,0,'NOCONN','TDD', 999,50,101,0,1,647232,78,3,-94,-11,22,1,2432
2024-12-16 11:15:01,-17.3701172782558,4.42393789516678,0.0,0.0,0.000000,99,99,0,'NOCONN','TDD', 999,50,101,0,1,647232,78,3,-87,-11,26,1,3455
2024-12-16 11:15:02,-17.4496231852681,4.34355319034822,0.0,0.0,0.000000,99,99,0,'NOCONN','TDD', 999,50,101,0,1,647232,78,3,-84,-11,26,1,3839
2024-12-16 11:15:04,-17.4819436401864,4.3682374912379,0.0,0.0,0.000000,99,99,0,'NOCONN','TDD', 999,50,101,0,1,647232,78,3,-96,-11,23,1,2239
2024-12-16 11:15:29,-17.3741264503288,4.36589129448376,0.0,0.0,0.000000,,,,,,,,,,,,,,,,,,
2024-12-16 11:15:30,-16.9492899967864,4.46596931983497,0.0,0.0,0.000000,99,99,0,'NOCONN','TDD', 999,50,101,0,1,647232,78,3,-95,-11,16,1,2368
2024-12-16 11:15:31,-16.6928582097621,4.57431365804979,0.0,0.0,0.000000,,,0,'NOCONN','TDD', 999,50,101,0,1,647232,78,3,-94,-11,22,1,2432
2024-12-16 11:15:33,-16.437681540595,4.66800698941054,0.0,0.0,0.000000,99,99,0,'NOCONN','TDD', 999,50,101,0,1,647232,78,3,-94,-11,24,1,2495
2024-12-16 11:15:34,-16.1603373464413,4.75597542425047,0.0,0.0,0.000000,,,0,'NOCONN','TDD', 999,50,101,0,1,647232,78,3,-94,-11,24,1,2495
2024-12-16 11:15:35,-15.9070747410658,4.82299567135853,0.0,0.0,0.000000,,,0,'NOCONN','TDD', 999,50,101,0,1,647232,78,3,-97,-11,19,1,2112
2024-12-16 11:15:37,-15.6472670334454,4.87723028665895,0.0,0.0,0.000000,,,0,'NOCONN','TDD', 999,50,101,0,1,647232,78,3,-104,-12,13,1,1279
2024-12-16 11:15:39,-15.0933930641636,4.96288167058215,0.0,0.0,0.000000,99,99,0,'NOCONN','TDD', 999,50,101,0,1,647232,78,3,-101,-12,4,1,1599
2024-12-16 11:15:40,-14.770886240793,4.95817578376913,0.0,0.0,0.000000,,,,'NOCONN','TDD', 999,50,101,0,1,647232,78,3,-97,-11,13,1,2175
2024-12-16 11:15:46,-14.4445738561902,4.96152670937379,0.0,0.0,0.000000,99,99,,'NOCONN','TDD', 999,50,101,0,1,647232,78,3,-100,-12,6,1,1664
2024-12-16 11:15:48,-14.131644493788,4.96831850797526,0.0,0.0,0.000000,99,99,,,,,,,,,,,,,,,,
2024-12-16 11:15:49,-13.8119855523441,4.98264329300081,0.0,0.0,0.000000,99,99,0,'NOCONN','TDD', 999,50,101,0,1,647232,78,3,-107,-16,11,1,768
2024-12-16 11:16:00,-13.5112246671748,4.97707118821533,0.0,0.0,0.000000,99,99,0,,,,,,,,,,,,,,,
2024-12-16 11:16:02,-13.2069575109845,4.98862005477639,0.0,0.0,0.000000,99,99,,'NOCONN','TDD', 999,50,101,0,1,647232,78,3,-96,-11,9,1,2239
2024-12-16 11:16:03,-12.9166239594146,5.00087535230541,0.0,0.0,0.000000,99,99,0,'NOCONN','TDD', 999,50,101,0,1,647232,78,3,-102,-12,9,1,1472
2024-12-16 11:16:04,-12.6078930838207,5.02991578875835,0.0,0.0,0.000000,99,99,0,'NOCONN','TDD', 999,50,101,0,1,647232,78,3,-99,-11,9,1,1919
2024-12-16 11:16:05,-12.3060427104746,5.0293113069497,0.0,0.0,0.000000,99,99,0,'NOCONN','TDD', 999,50,101,0,1,647232,78,3,-102,-12,14,1,1535
2024-12-16 11:16:06,-11.9724163141199,5.03245602585068,0.0,0.0,0.000000,99,99,0,,,,,,,,,,,,,,,
2024-12-16 11:16:10,-11.3006326211527,5.08147281864899,0.0,0.0,0.000000,,,,'NOCONN','TDD', 999,50,101,0,1,647232,78,3,-99,-12,17,1,1855
2024-12-16 11:16:11,-10.9672900081289,5.05842110237198,0.0,0.0,0.000000,99,99,0,'NOCONN','TDD', 999,50,101,0,1,647232,78,3,-102,-12,17,1,1472
2024-12-16 11:16:13,-10.9547265911783,5.04391103824605,0.0,0.0,0.000000,99,99,0,'NOCONN','TDD', 999,50,101,0,1,647232,78,3,-99,-12,8,1,1855
2024-12-16 11:16:14,-10.9532240750288,5.04765689835047,0.0,0.0,0.000000,99,99,0,'NOCONN','TDD', 999,50,101,0,1,647232,78,3,-99,-12,8,1,1855
2024-12-16 11:16:15,-10.8982859995422,5.14118931530069,0.0,0.0,0.000000,99,99,0,'NOCONN','TDD', 999,50,101,0,1,647232,78,3,-102,-12,7,1,1408
2024-12-16 11:16:16,-10.5801488469153,5.22081322351246,0.0,0.0,0.000000,99,99,0,'NOCONN','TDD', 999,50,101,0,1,647232,78,3,-99,-14,1,1,1792
2024-12-16 11:16:18,-10.2493705542641,5.15506034813604,0.0,0.0,0.000000,99,99,0,'NOCONN','TDD', 999,50,101,0,1,647232,78,3,-100,-13,7,1,1664
2024-12-16 11:16:19,-9.8995233472755,5.13008873718873,0.0,0.0,0.000000,,,0,'NOCONN','TDD', 999,50,101,0,1,647232,78,3,-100,-12,7,1,1728
2024-12-16 11:16:20,-9.59268195802563,5.11470853009348,0.0,0.0,0.000000,99,99,,'NOCONN','TDD', 999,50,101,0,1,647232,78,3,-107,-16,7,1,832
2024-12-16 11:16:21,-9.29486375091041,5.11312192955071,0.0,0.0,0.000000,99,99,0,'NOCONN','TDD', 999,50,101,0,1,647232,78,3,-107,-16,1,1,832
2024-12-16 11:16:23,-8.66708335910463,5.13290335347412,0.0,0.0,0.000000,99,99,,'NOCONN','TDD', 999,50,101,0,1,647232,78,3,-105,-14,1,1,1024
2024-12-16 11:16:24,-8.36230731628971,5.13866013324777,0.0,0.0,0.000000,,,,'NOCONN','TDD', 999,50,101,0,1,647232,78,3,-102,-12,1,1,1535
2024-12-16 11:16:26,-8.0013636749752,5.16031065735263,0.0,0.0,0.000000,99,99,0,'NOCONN','TDD', 999,50,101,0,1,647232,78,3,-110,-17,4,1,448
2024-12-16 11:16:27,-7.66140345427579,5.15771509083325,0.0,0.0,0.000000,99,99,0,'NOCONN','TDD', 999,50,101,0,1,647232,78,3,-102,-12,1,1,1535
2024-12-16 11:16:29,-7.05207730590955,5.0935461805121,0.0,0.0,0.000000,99,99,0,'NOCONN','TDD', 999,50,101,0,1,647232,78,3,-102,-15,4,1,1408
2024-12-16 11:16:31,-6.76698634817692,5.09849551797505,0.0,0.0,0.000000,99,99,0,'NOCONN','TDD', 999,50,101,0,1,647232,78,3,-109,-16,1,1,512
2024-12-16 11:16:32,-6.44294329445374,5.1079136933208,0.0,0.0,0.000000,99,99,0,'NOCONN','TDD', 999,50,101,0,1,647232,78,3,-100,-13,1,1,1664
2024-12-16 11:16:33,-6.12610392350645,5.11337191463772,0.0,0.0,0.000000,,,0,,,,,,,,,,,,,,,
2024-12-16 11:16:36,-5.46255400405253,5.07121207864639,0.0,0.0,0.000000,99,99,0,'NOCONN','TDD', 999,50,101,0,1,647232,78,3,-107,-14,1,1,768
2024-12-16 11:16:37,-5.17427973246577,5.05999192988108,0.0,0.0,0.000000,,,,'NOCONN','TDD', 999,50,101,0,1,647232,78,3,-104,-14,1,1,1152
2024-12-16 11:16:38,-4.85764673977437,5.0462224166915,0.0,0.0,0.000000,99,99,0,'NOCONN','TDD', 999,50,101,0,1,647232,78,3,-104,-14,1,1,1152
2024-12-16 11:16:40,-4.54766917798523,5.01821109002911,0.0,0.0,0.000000,99,99,0,'NOCONN','TDD', 999,50,101,0,1,647232,78,3,-107,-17,1,1,768
2024-12-16 11:16:41,-4.22518343717417,4.99474958322838,0.0,0.0,0.000000,99,99,0,'NOCONN','TDD', 999,50,101,0,1,647232,78,3,-105,-14,1,1,1088
2024-12-16 11:16:42,-3.9429258350835,5.01347410362421,0.0,0.0,0.000000,99,99,,'NOCONN','TDD', 999,50,101,0,1,647232,78,3,-105,-14,1,1,1088
2024-12-16 11:16:43,-3.6336307067404,5.02167001318631,0.0,0.0,0.000000,99,99,0,'NOCONN','TDD', 999,50,101,0,1,647232,78,3,-106,-14,1,1,959
2024-12-16 11:16:46,-2.9453057126211,4.97763786505822,0.0,0.0,0.000000,,,0,,,,,,,,,,,,,,,
2024-12-16 11:16:47,-2.63584835561167,4.86305959927521,0.0,0.0,0.000000,99,99,,'NOCONN','TDD', 999,50,101,0,1,647232,78,3,-107,-19,3,1,895
2024-12-16 11:16:49,-2.08141276226365,4.78466676871661,0.0,0.0,0.000000,99,99,,,,,,,,,,,,,,,,
2024-12-16 11:16:51,-1.75375615191112,4.77088978540203,0.0,0.0,0.000000,99,99,,'NOCONN','TDD', 999,50,101,0,1,647232,78,3,-108,-19,1,1,704
2024-12-16 11:16:52,-1.38593636872729,4.74167050213442,0.0,0.0,0.000000,99,99,0,'NOCONN','TDD', 999,50,101,0,1,647232,78,3,-108,-19,1,1,704
2024-12-16 11:16:54,-1.0557479705359,4.6689608569311,0.0,0.0,0.000000,99,99,0,'NOCONN','TDD', 999,50,101,0,1,647232,78,3,-104,-16,1,1,1279
2024-12-16 11:16:55,-0.776778127602411,4.55330492724117,0.0,0.0,0.000000,,,0,'NOCONN','TDD', 999,50,101,0,1,647232,78,3,-104,-16,1,1,1279
2024-12-16 11:16:57,-0.48324007350087,4.43713807933644,0.0,0.0,0.000000,99,99,0,'NOCONN','TDD', 999,50,101,0,1,647232,78,3,-103,-23,1,1,1344
2024-12-16 11:16:58,-0.198876147443619,4.29923705988803,0.0,0.0,0.000000,99,99,,'NOCONN','TDD', 999,50,101,0,1,647232,78,3,-103,-23,1,1,1344
2024-12-16 11:16:59,0.0684139743805226,4.13365564877836,0.0,0.0,0.000000,99,99,0,'NOCONN','TDD', 999,50,101,0,1,647232,78,3,-140,-40,1,1,-3456
2024-12-16 11:17:00,0.288832557765026,3.95836811291045,0.0,0.0,0.000000,99,99,0,'NOCONN','TDD', 999,50,101,0,1,647232,78,3,-102,-19,1,1,1408
2024-12-16 11:17:02,0.553845965234956,3.54142981027082,0.0,0.0,0.000000,99,99,0,'NOCONN','TDD', 999,50,101,0,1,647232,78,3,-140,-40,1,1,-3456
2024-12-16 11:17:03,0.668686408828739,3.28112439488132,0.0,0.0,0.000000,99,99,0,'NOCONN','TDD', 999,50,101,0,1,647232,78,3,-140,-40,1,1,-3456
2024-12-16 11:17:04,0.750187110857028,3.0008680384449,0.0,0.0,0.000000,99,99,,'NOCONN','TDD', 999,50,101,0,1,647232,78,3,-140,-40,1,1,-3456
2024-12-16 11:17:05,0.876207667784479,2.74202498320803,0.0,0.0,0.000000,99,99,,'NOCONN','TDD', 999,50,101,0,1,647232,78,3,-140,-40,1,1,-3456
2024-12-16 11:17:06,1.02897156250118,2.49250867104624,0.0,0.0,0.000000,99,99,0,'NOCONN','TDD', 999,50,101,0,1,647232,78,3,-140,-40,1,1,-3456
2024-12-16 11:17:08,1.153175975458,2.22553070314684,0.0,0.0,0.000000,99,99,0,'NOCONN','TDD', 999,50,101,0,1,647232,78,3,-140,-40,1,1,-3456
2024-12-16 11:17:09,1.23219824134101,1.94872787556181,0.0,0.0,0.000000,,,0,,,,,,,,,,,,,,,
2024-12-16 11:17:10,1.33548734187668,1.67776274111478,0.0,0.0,0.000000,99,99,0,'NOCONN','TDD', 999,50,101,0,1,647232,78,3,-112,-20,1,1,192
2024-12-16 11:17:12,1.53669100964514,1.10734735195326,0.0,0.0,0.000000,99,99,,'NOCONN','TDD', 999,50,101,0,1,647232,78,3,-112,-20,1,1,192
2024-12-16 11:17:13,1.63050292008113,0.866426722378191,0.0,0.0,0.000000,,,,'NOCONN','TDD', 999,50,101,0,1,647232,78,3,-112,-20,1,1,192
2024-12-16 11:17:14,1.74175550493049,0.601551800671647,0.0,0.0,0.000000,,,,'NOCONN','TDD', 999,50,101,0,1,647232,78,3,-140,-40,1,1,-3456
2024-12-16 11:17:15,1.82876227673879,0.333712641111985,0.0,0.0,0.000000,,,0,'NOCONN','TDD', 999,50,101,0,1,647232,78,3,-119,-22,1,1,-705
2024-12-16 11:17:16,1.88721497832243,0.166750390949167,0.0,0.0,0.000000,99,99,0,'NOCONN','TDD', 999,50,101,0,1,647232,78,3,-119,-22,1,1,-705
2024-12-16 11:17:18,1.8929847966636,0.164976060447818,0.0,0.0,0.000000,99,99,0,'NOCONN','TDD', 999,50,101,0,1,647232,78,3,-140,-40,1,1,-3456
2024-12-16 11:17:42,1.87735790595462,0.157496575859041,0.0,0.0,0.000000,99,99,0,'NOCONN','TDD', 999,50,201,1,1,647232,78,3,-88,-11,21,1,3648
2024-12-16 11:17:43,2.043602276808,0.237654537358118,0.0,0.0,0.000000,99,99,0,'NOCONN','TDD', 999,50,201,1,1,647232,78,3,-88,-11,21,1,3648
2024-12-16 11:17:45,2.08554396368202,0.650476338077929,0.0,0.0,0.000000,99,99,0,'NOCONN','TDD', 999,50,201,1,1,647232,78,3,-89,-11,29,1,3456
2024-12-16 11:17:46,2.07180545712744,0.975787717097097,0.0,0.0,0.000000,99,99,0,'NOCONN','TDD', 999,50,201,1,1,647232,78,3,-88,-11,23,1,3648
2024-12-16 11:17:47,2.04677940991857,1.29418456199602,0.0,0.0,0.000000,99,99,0,'NOCONN','TDD', 999,50,201,1,1,647232,78,3,-89,-11,25,1,3456
2024-12-16 11:17:49,2.03848367786184,1.45763972982591,0.0,0.0,0.000000,99,99,0,'NOCONN','TDD', 999,50,201,1,1,647232,78,3,-90,-11,26,1,3328
2024-12-16 11:17:51,2.02801898932709,1.454151623617,0.0,0.0,0.000000,99,99,0,'NOCONN','TDD', 999,50,201,1,1,647232,78,3,-87,-11,21,1,3712
2024-12-16 11:17:52,2.01031440314212,1.44545273454589,0.0,0.0,0.000000,,,,,,,,,,,,,,,,,,
2024-12-16 11:17:53,1.86417628129268,1.64019014541298,0.0,0.0,0.000000,,,0,'NOCONN','TDD', 999,50,201,1,1,647232,78,3,-89,-11,21,1,3519
2024-12-16 11:17:56,1.87547728264817,2.43695830212912,0.0,0.0,0.000000,99,99,0,'NOCONN','TDD', 999,50,201,1,1,647232,78,3,-94,-11,22,1,2816
2024-12-16 11:17:57,1.88391568148037,2.78251055989749,0.0,0.0,0.000000,,,0,,,,,,,,,,,,,,,
2024-12-16 11:17:59,1.89105530178341,3.12011671686559,0.0,0.0,0.000000,,,0,'NOCONN','TDD', 999,50,201,1,1,647232,78,3,-88,-11,25,1,3648
2024-12-16 11:18:00,1.90662451068562,3.46512369240323,0.0,0.0,0.000000,99,99,0,'NOCONN','TDD', 999,50,201,1,1,647232,78,3,-84,-11,19,1,4159
2024-12-16 11:18:02,1.9480810254926,3.81027712712549,0.0,0.0,0.000000,99,99,0,'NOCONN','TDD', 999,50,201,1,1,647232,78,3,-79,-11,24,1,4736
2024-12-16 11:18:03,1.97300053096024,4.08464479953501,0.0,0.0,0.000000,99,99,0,'NOCONN','TDD', 999,50,201,1,1,647232,78,3,-85,-11,21,1,4032
2024-12-16 11:18:04,1.97899393462455,4.13563479949305,0.0,0.0,0.000000,99,99,0,'NOCONN','TDD', 999,50,201,1,1,647232,78,3,-84,-11,15,1,4223
2024-12-16 11:18:30,2.00537313149245,4.15586423791679,0.0,0.0,0.000000,99,99,0,'NOCONN','TDD', 999,50,201,1,1,647232,78,3,-92,-12,12,1,3199
2024-12-16 11:18:31,2.01796579655047,4.14940720677592,0.0,0.0,0.000000,99,99,0,,,,,,,,,,,,,,,
2024-12-16 11:18:32,2.13988393872892,3.87457197365037,0.0,0.0,0.000000,99,99,0,'NOCONN','TDD', 999,50,201,1,1,647232,78,3,-92,-11,10,1,3072
2024-12-16 11:18:34,2.01694197580726,3.23390145282217,0.0,0.0,0.000000,99,99,0,'NOCONN','TDD', 999,50,201,1,1,647232,78,3,-97,-12,14,1,2432
2024-12-16 11:18:35,1.97139875907546,2.95175168198174,0.0,0.0,0.000000,99,99,0,'NOCONN','TDD', 999,50,201,1,1,647232,78,3,-97,-12,14,1,2432
2024-12-16 11:18:36,1.94721759095566,2.65080484864319,0.0,0.0,0.000000,99,99,0,'NOCONN','TDD', 999,50,201,1,1,647232,78,3,-97,-12,12,1,2496
2024-12-16 11:18:39,1.89153089797335,2.03887269553994,0.0,0.0,0.000000,,,0,'NOCONN','TDD', 999,50,201,1,1,647232,78,3,-93,-11,15,1,3008
2024-12-16 11:18:40,1.78355396159692,1.71893090584812,0.0,0.0,0.000000,99,99,0,'NOCONN','TDD', 999,50,201,1,1,647232,78,3,-102,-12,15,1,1919
2024-12-16 11:18:41,1.71766440788362,1.41776256384006,0.0,0.0,0.000000,99,99,0,'NOCONN','TDD', 999,50,201,1,1,647232,78,3,-101,-12,6,1,1983
2024-12-16 11:18:43,1.70254685383653,1.1185681062791,0.0,0.0,0.000000,99,99,0,'NOCONN','TDD', 999,50,201,1,1,647232,78,3,-100,-12,6,1,2112
2024-12-16 11:18:44,1.65990847157659,0.797667519556145,0.0,0.0,0.000000,99,99,0,'NOCONN','TDD', 999,50,201,1,1,647232,78,3,-97,-11,9,1,2496
2024-12-16 11:18:45,1.59809661687706,0.48488863405249,0.0,0.0,0.000000,99,99,0,'NOCONN','TDD', 999,50,201,1,1,647232,78,3,-99,-12,9,1,2303
2024-12-16 11:18:46,1.5310590525622,0.171002835122951,0.0,0.0,0.000000,,,,,,,,,,,,,,,,,,
2024-12-16 11:18:48,1.45948312165898,-0.162983491085697,0.0,0.0,0.000000,99,99,,'NOCONN','TDD', 999,50,201,1,1,647232,78,3,-102,-12,11,1,1792
2024-12-16 11:18:49,1.3732428386658,-0.488957237164046,0.0,0.0,0.000000,99,99,0,'NOCONN','TDD', 999,50,201,1,1,647232,78,3,-95,-11,11,1,2752
2024-12-16 11:18:50,1.27121820223375,-0.808675901139206,0.0,0.0,0.000000,99,99,0,'NOCONN','TDD', 999,50,201,1,1,647232,78,3,-107,-12,8,1,1152
2024-12-16 11:18:52,1.18102175813735,-1.16430813614072,0.0,0.0,0.000000,99,99,0,'NOCONN','TDD', 999,50,201,1,1,647232,78,3,-99,-12,8,1,2303
2024-12-16 11:18:53,1.07953782679065,-1.47231183191295,0.0,0.0,0.000000,,,0,'NOCONN','TDD', 999,50,201,1,1,647232,78,3,-101,-12,4,1,1983
2024-12-16 11:18:56,0.868218484214309,-2.08726938613516,0.0,0.0,0.000000,99,99,0,'NOCONN','TDD', 999,50,201,1,1,647232,78,3,-97,-12,9,1,2432
2024-12-16 11:18:57,0.759113115182016,-2.39277915654153,0.0,0.0,0.000000,,,0,,,,,,,,,,,,,,,
2024-12-16 11:18:58,0.620760718643935,-2.68696232821005,0.0,0.0,0.000000,99,99,0,'NOCONN','TDD', 999,50,201,1,1,647232,78,3,-94,-12,9,1,2816
2024-12-16 11:18:59,0.441553096922676,-2.91034419285429,0.0,0.0,0.000000,,,0,'NOCONN','TDD', 999,50,201,1,1,647232,78,3,-97,-13,8,1,2559
2024-12-16 11:19:00,0.234404961017808,-3.11027166867172,0.0,0.0,0.000000,,,0,'NOCONN','TDD', 999,50,201,1,1,647232,78,3,-99,-14,9,1,2176
2024-12-16 11:19:02,-0.151166463984127,-3.3252433561498,0.0,0.0,0.000000,99,99,0,'NOCONN','TDD', 999,50,201,1,1,647232,78,3,-92,-11,1,1,3136
2024-12-16 11:19:03,-0.421565645086563,-3.36272073938523,0.0,0.0,0.000000,99,99,0,,,,,,,,,,,,,,,
2024-12-16 11:19:05,-0.701718713217141,-3.38012541988265,0.0,0.0,0.000000,99,99,0,'NOCONN','TDD', 999,50,201,1,1,647232,78,3,-106,-15,1,1,1343
2024-12-16 11:19:06,-0.967347306675124,-3.38518645479085,0.0,0.0,0.000000,,,0,'NOCONN','TDD', 999,50,201,1,1,647232,78,3,-113,-21,1,1,448
2024-12-16 11:19:09,-1.78653880473615,-3.39959495355536,0.0,0.0,0.000000,99,99,0,'NOCONN','TDD', 999,50,201,1,1,647232,78,3,-109,-17,1,1,896
2024-12-16 11:19:10,-2.06497950699167,-3.41881403781681,0.0,0.0,0.000000,99,99,0,'NOCONN','TDD', 999,50,201,1,1,647232,78,3,-109,-22,1,1,1023
2024-12-16 11:19:11,-2.3129208971578,-3.40298397883809,0.0,0.0,0.000000,99,99,,'NOCONN','TDD', 999,50,201,1,1,647232,78,3,-107,-22,1,1,1279
2024-12-16 11:19:12,-2.59533918793917,-3.4156783167708,0.0,0.0,0.000000,99,99,0,,,,,,,,,,,,,,,
2024-12-16 11:19:13,-2.86824768537678,-3.3991109308197,0.0,0.0,0.000000,99,99,0,'NOCONN','TDD', 999,50,201,1,1,647232,78,3,-110,-17,1,1,768
2024-12-16 11:19:14,-3.14554034246906,-3.38739322478235,0.0,0.0,0.000000,99,99,0,'NOCONN','TDD', 999,50,201,1,1,647232,78,3,-107,-14,1,1,1216
2024-12-16 11:19:15,-3.39047695651154,-3.39198730027465,0.0,0.0,0.000000,99,99,,'NOCONN','TDD', 999,50,201,1,1,647232,78,3,-107,-14,1,1,1216
2024-12-16 11:19:17,-3.63087409264874,-3.39378769854626,0.0,0.0,0.000000,,,0,'NOCONN','TDD', 999,50,201,1,1,647232,78,3,-108,-19,2,1,1088
2024-12-16 11:19:18,-3.88494417552175,-3.39637080803274,0.0,0.0,0.000000,99,99,0,'NOCONN','TDD', 999,50,201,1,1,647232,78,3,-112,-19,1,1,639
2024-12-16 11:19:19,-4.15625263542129,-3.41450924692985,0.0,0.0,0.000000,99,99,0,'NOCONN','TDD', 999,50,201,1,1,647232,78,3,-114,-20,1,1,383
2024-12-16 11:19:20,-4.43474891995331,-3.43854663842301,0.0,0.0,0.000000,99,99,0,'NOCONN','TDD', 999,50,201,1,1,647232,78,3,-109,-22,1,1,896
2024-12-16 11:19:21,-4.73356025204858,-3.44577787257986,0.0,0.0,0.000000,,,0,'NOCONN','TDD', 999,50,201,1,1,647232,78,3,-113,-19,1,1,448
2024-12-16 11:19:22,-4.9902279067587,-3.48827387112017,0.0,0.0,0.000000,,,0,'NOCONN','TDD', 999,50,201,1,1,647232,78,3,-113,-19,1,1,448
2024-12-16 11:19:23,-5.29083611977012,-3.52730155523621,0.0,0.0,0.000000,99,99,0,'NOCONN','TDD', 999,50,201,1,1,647232,78,3,-113,-19,1,1,448
2024-12-16 11:19:24,-5.56542253891362,-3.57486975283429,0.0,0.0,0.000000,99,99,0,'NOCONN','TDD', 999,50,201,1,1,647232,78,3,-113,-20,1,1,448
2024-12-16 11:19:26,-6.13620297512892,-3.71959269461096,0.0,0.0,0.000000,99,99,,'NOCONN','TDD', 999,50,201,1,1,647232,78,3,-112,-16,1,1,639
2024-12-16 11:19:27,-6.4297103145214,-3.8174362123155,0.0,0.0,0.000000,99,99,0,'NOCONN','TDD', 999,50,201,1,1,647232,78,3,-112,-21,1,1,576
2024-12-16 11:19:28,-6.67746256642465,-3.91220916280066,0.0,0.0,0.000000,99,99,0,'NOCONN','TDD', 999,50,201,1,1,647232,78,3,-112,-21,1,1,576
2024-12-16 11:19:29,-6.95572154281352,-4.00885028831014,0.0,0.0,0.000000,99,99,0,'NOCONN','TDD', 999,50,201,1,1,647232,78,3,-140,-40,1,1,-3072
2024-12-16 11:19:31,-7.47785986741095,-4.16228662500703,0.0,0.0,0.000000,99,99,0,'NOCONN','TDD', 999,50,201,1,1,647232,78,3,-140,-40,1,1,-3072
2024-12-16 11:19:32,-7.78434299670706,-4.19796304187264,0.0,0.0,0.000000,99,99,0,'NOCONN','TDD', 999,50,201,1,1,647232,78,3,-140,-40,1,1,-3072
2024-12-16 11:19:33,-8.06525960691915,-4.2233788342847,0.0,0.0,0.000000,99,99,0,'NOCONN','TDD', 999,50,201,1,1,647232,78,3,-140,-40,1,1,-3072
2024-12-16 11:19:34,-8.29125477589479,-4.20437685016878,0.0,0.0,0.000000,99,99,0,'NOCONN','TDD', 999,50,201,1,1,647232,78,3,-140,-40,1,1,-3072
2024-12-16 11:19:36,-8.57854911795375,-4.02392474235548,0.0,0.0,0.000000,99,99,,'NOCONN','TDD', 999,50,201,1,1,647232,78,3,-140,-40,1,1,-3072
2024-12-16 11:19:37,-8.74155053601667,-3.79154535620756,0.0,0.0,0.000000,99,99,0,'NOCONN','TDD', 999,50,201,1,1,647232,78,3,-109,-20,1,1,959
2024-12-16 11:19:38,-8.69842682265723,-3.74149759300601,0.0,0.0,0.000000,99,99,0,'NOCONN','TDD', 999,50,201,1,1,647232,78,3,-109,-20,1,1,959
2024-12-16 11:19:40,-8.65634264090482,-3.72575880813498,0.0,0.0,0.000000,99,99,0,'NOCONN','TDD', 999,50,201,1,1,647232,78,3,-112,-22,1,1,639
2024-12-16 11:20:03,-8.58050111726447,-3.71115608564218,0.0,0.0,0.000000,99,99,0,'NOCONN','TDD', 999,50,201,1,1,647232,78,3,-117,-23,1,1,-1
2024-12-16 11:20:05,-8.35383379371002,-3.75005130561505,0.0,0.0,0.000000,99,99,0,'NOCONN','TDD', 999,50,201,1,1,647232,78,3,-116,-20,1,1,63
2024-12-16 11:20:07,-8.37531878550729,-3.73594667796557,0.0,0.0,0.000000,99,99,0,'NOCONN','TDD', 999,50,201,1,1,647232,78,3,-116,-20,1,1,63
2024-12-16 11:20:20,-8.43807981054008,-4.01039897822438,0.0,0.0,0.000000,99,99,0,'NOCONN','TDD', 999,50,201,1,1,647232,78,3,-110,-20,1,1,768
2024-12-16 11:20:21,-8.45076527349746,-4.03477023392005,0.0,0.0,0.000000,99,99,,'NOCONN','TDD', 999,50,201,1,1,647232,78,3,-110,-23,1,1,832
2024-12-16 11:20:22,-8.3222931572639,-3.96478614854911,0.0,0.0,0.000000,99,99,0,'NOCONN','TDD', 999,50,201,1,1,647232,78,3,-110,-23,1,1,832
2024-12-16 11:20:24,-7.86764609130651,-4.09342785606577,0.0,0.0,0.000000,,,0,'NOCONN','TDD', 999,50,201,1,1,647232,78,3,-112,-20,1,1,576
2024-12-16 11:20:26,-7.52732350005414,-4.24361705560169,0.0,0.0,0.000000,99,99,,'NOCONN','TDD', 999,50,201,1,1,647232,78,3,-109,-17,1,1,896
2024-12-16 11:20:27,-7.38814842072551,-4.24755139384616,0.0,0.0,0.000000,,,0,'NOCONN','TDD', 999,50,201,1,1,647232,78,3,-112,-24,1,1,512
2024-12-16 11:20:28,-6.94769843481929,-4.1151087563296,0.0,0.0,0.000000,99,99,0,'NOCONN','TDD', 999,50,201,1,1,647232,78,3,-111,-22,1,1,703
2024-12-16 11:20:30,-6.72770648708729,-4.01633648420035,0.0,0.0,0.000000,99,99,0,'NOCONN','TDD', 999,50,201,1,1,647232,78,3,-112,-20,1,1,639
2024-12-16 11:20:31,-6.27637990648887,-3.91381676699102,0.0,0.0,0.000000,,,0,,,,,,,,,,,,,,,
2024-12-16 11:20:32,-6.16679497375275,-3.85446398303841,0.0,0.0,0.000000,,,,,,,,,,,,,,,,,,
2024-12-16 11:20:33,-5.99797443417952,-3.76787750470782,0.0,0.0,0.000000,,,0,'NOCONN','TDD', 999,50,201,1,1,647232,78,3,-110,-20,1,1,832
2024-12-16 11:20:35,-5.47566228550611,-3.77762740023117,0.0,0.0,0.000000,99,99,0,'NOCONN','TDD', 999,50,201,1,1,647232,78,3,-112,-22,1,1,512
2024-12-16 11:20:36,-5.2460538782265,-3.74971329810754,0.0,0.0,0.000000,99,99,0,'NOCONN','TDD', 999,50,201,1,1,647232,78,3,-109,-21,1,1,1023
2024-12-16 11:20:37,-4.9756914842029,-3.71176581160308,0.0,0.0,0.000000,,,,'NOCONN','TDD', 999,50,201,1,1,647232,78,3,-109,-22,1,1,959
2024-12-16 11:20:38,-4.74987336560032,-3.68611473533414,0.0,0.0,0.000000,,,,'NOCONN','TDD', 999,50,201,1,1,647232,78,3,-104,-17,1,1,1599
2024-12-16 11:20:40,-4.26104348061211,-3.67459205604062,0.0,0.0,0.000000,99,99,0,'NOCONN','TDD', 999,50,201,1,1,647232,78,3,-105,-19,1,1,1472
2024-12-16 11:20:41,-4.00793229658708,-3.66133332134031,0.0,0.0,0.000000,99,99,0,'NOCONN','TDD', 999,50,201,1,1,647232,78,3,-107,-20,1,1,1152
2024-12-16 11:20:42,-3.74752536388479,-3.64568842878109,0.0,0.0,0.000000,99,99,,'NOCONN','TDD', 999,50,201,1,1,647232,78,3,-110,-19,1,1,768
2024-12-16 11:20:43,-3.49553295895954,-3.64672604572296,0.0,0.0,0.000000,99,99,0,'NOCONN','TDD', 999,50,201,1,1,647232,78,3,-110,-19,1,1,768
2024-12-16 11:20:44,-3.21577584806312,-3.64162001421769,0.0,0.0,0.000000,99,99,0,'NOCONN','TDD', 999,50,201,1,1,647232,78,3,-107,-18,1,1,1279
2024-12-16 11:20:46,-2.69636916964191,-3.61011331206591,0.0,0.0,0.000000,,,0,'NOCONN','TDD', 999,50,201,1,1,647232,78,3,-104,-17,1,1,1536
2024-12-16 11:20:47,-2.4414565055916,-3.6129066980539,0.0,0.0,0.000000,99,99,0,'NOCONN','TDD', 999,50,201,1,1,647232,78,3,-107,-17,1,1,1216
2024-12-16 11:20:49,-2.15794658285985,-3.61205558006718,0.0,0.0,0.000000,99,99,0,'NOCONN','TDD', 999,50,201,1,1,647232,78,3,-110,-22,1,1,832
2024-12-16 11:20:50,-1.88316765698737,-3.59767636964912,0.0,0.0,0.000000,99,99,0,'NOCONN','TDD', 999,50,201,1,1,647232,78,3,-114,-20,1,1,319
2024-12-16 11:20:51,-1.64136120310627,-3.58897133945199,0.0,0.0,0.000000,99,99,0,'NOCONN','TDD', 999,50,201,1,1,647232,78,3,-115,-24,1,1,192
2024-12-16 11:20:52,-1.37800218994255,-3.61229215287688,0.0,0.0,0.000000,99,99,,'NOCONN','TDD', 999,50,201,1,1,647232,78,3,-105,-14,1,1,1472
2024-12-16 11:20:53,-1.11293667749818,-3.61226054879093,0.0,0.0,0.000000,99,99,0,,,,,,,,,,,,,,,
2024-12-16 11:20:54,-0.879275396609078,-3.60560301905576,0.0,0.0,0.000000,,,0,'NOCONN','TDD', 999,50,201,1,1,647232,78,3,-106,-12,5,1,1343
2024-12-16 11:20:55,-0.645864159359375,-3.5593319261353,0.0,0.0,0.000000,99,99,0,'NOCONN','TDD', 999,50,201,1,1,647232,78,3,-97,-11,1,1,2496
2024-12-16 11:20:56,-0.432939160738914,-3.50468429149587,0.0,0.0,0.000000,99,99,0,'NOCONN','TDD', 999,50,201,1,1,647232,78,3,-100,-15,1,1,2048
2024-12-16 11:20:57,-0.18113321824663,-3.41841193371019,0.0,0.0,0.000000,99,99,0,'NOCONN','TDD', 999,50,201,1,1,647232,78,3,-96,-12,9,1,2623
2024-12-16 11:20:58,0.0662135947607979,-3.26306290156396,0.0,0.0,0.000000,99,99,0,'NOCONN','TDD', 999,50,201,1,1,647232,78,3,-91,-12,9,1,3263
2024-12-16 11:20:59,0.26792154179516,-3.06342364223025,0.0,0.0,0.000000,99,99,0,'NOCONN','TDD', 999,50,201,1,1,647232,78,3,-91,-12,9,1,3263
2024-12-16 11:21:02,0.587926477889014,-2.50543070472375,0.0,0.0,0.000000,99,99,,'NOCONN','TDD', 999,50,201,1,1,647232,78,3,-92,-11,12,1,3072
2024-12-16 11:21:03,0.668146656897354,-2.22022539627492,0.0,0.0,0.000000,99,99,0,'NOCONN','TDD', 999,50,201,1,1,647232,78,3,-94,-11,12,1,2816
2024-12-16 11:21:04,0.740820168519581,-1.93514262697013,0.0,0.0,0.000000,99,99,0,'NOCONN','TDD', 999,50,201,1,1,647232,78,3,-92,-11,13,1,3136
2024-12-16 11:21:05,0.829301574683131,-1.65166903080569,0.0,0.0,0.000000,99,99,0,'NOCONN','TDD', 999,50,201,1,1,647232,78,3,-92,-11,13,1,3072
2024-12-16 11:21:06,0.924307566777343,-1.3808997341403,0.0,0.0,0.000000,,,0,'NOCONN','TDD', 999,50,201,1,1,647232,78,3,-92,-11,10,1,3072
2024-12-16 11:21:07,1.00231389390296,-1.11054342764709,0.0,0.0,0.000000,,,,'NOCONN','TDD', 999,50,201,1,1,647232,78,3,-94,-11,17,1,2943
2024-12-16 11:21:08,1.08154214197784,-0.824585818662326,0.0,0.0,0.000000,,,0,'NOCONN','TDD', 999,50,201,1,1,647232,78,3,-100,-11,17,1,2112
2024-12-16 11:21:09,1.15314245007309,-0.552737316059767,0.0,0.0,0.000000,,,0,'NOCONN','TDD', 999,50,201,1,1,647232,78,3,-99,-11,17,1,2303
2024-12-16 11:21:10,1.23364442474899,-0.259895826539738,0.0,0.0,0.000000,99,99,0,,,,,,,,,,,,,,,
2024-12-16 11:21:12,1.31276302908517,0.0076899282796763,0.0,0.0,0.000000,99,99,0,'NOCONN','TDD', 999,50,201,1,1,647232,78,3,-92,-11,19,1,3199
2024-12-16 11:21:13,1.39779777932068,0.262623675508536,0.0,0.0,0.000000,99,99,0,'NOCONN','TDD', 999,50,201,1,1,647232,78,3,-92,-11,17,1,3199
2024-12-16 11:21:14,1.48687892743048,0.551561191921159,0.0,0.0,0.000000,99,99,0,'NOCONN','TDD', 999,50,201,1,1,647232,78,3,-88,-11,17,1,3648
2024-12-16 11:21:17,1.69882790648828,1.16539074905264,0.0,0.0,0.000000,99,99,0,'NOCONN','TDD', 999,50,201,1,1,647232,78,3,-85,-11,20,1,3968
2024-12-16 11:21:18,1.81480721644452,1.47463463960328,0.0,0.0,0.000000,99,99,0,'NOCONN','TDD', 999,50,201,1,1,647232,78,3,-89,-11,23,1,3456
2024-12-16 11:21:19,1.95360880790616,1.73983258070859,0.0,0.0,0.000000,,,,'NOCONN','TDD', 999,50,201,1,1,647232,78,3,-89,-11,23,1,3583
2024-12-16 11:21:20,2.06901143695451,2.03015772639069,0.0,0.0,0.000000,99,99,0,'NOCONN','TDD', 999,50,201,1,1,647232,78,3,-89,-11,16,1,3583
2024-12-16 11:21:21,2.19863428879032,2.31428778676277,0.0,0.0,0.000000,,,0,,,,,,,,,,,,,,,
2024-12-16 11:21:22,2.32329497721157,2.57490254622759,0.0,0.0,0.000000,99,99,0,'NOCONN','TDD', 999,50,201,1,1,647232,78,3,-86,-11,16,1,3903
2024-12-16 11:21:24,2.4761820236409,2.85415571958139,0.0,0.0,0.000000,99,99,0,'NOCONN','TDD', 999,50,201,1,1,647232,78,3,-85,-11,20,1,4032
2024-12-16 11:21:25,2.65292344152575,3.15307638389963,0.0,0.0,0.000000,99,99,0,'NOCONN','TDD', 999,50,201,1,1,647232,78,3,-84,-11,22,1,4096
2024-12-16 11:21:26,2.81219552776612,3.41977037274401,0.0,0.0,0.000000,,,0,'NOCONN','TDD', 999,50,201,1,1,647232,78,3,-84,-11,24,1,4096
2024-12-16 11:21:27,2.94835288666878,3.7080819523844,0.0,0.0,0.000000,99,99,0,'NOCONN','TDD', 999,50,201,1,1,647232,78,3,-85,-11,15,1,4032
2024-12-16 11:21:28,3.06129842843258,3.92332651979497,0.0,0.0,0.000000,99,99,0,'NOCONN','TDD', 999,50,201,1,1,647232,78,3,-89,-11,15,1,3583
2024-12-16 11:21:30,3.29811347810213,4.15569027141823,0.0,0.0,0.000000,,,,'NOCONN','TDD', 999,50,201,1,1,647232,78,3,-87,-11,14,1,3776
2024-12-16 11:21:31,3.58719484398561,4.2768082085293,0.0,0.0,0.000000,,,,'NOCONN','TDD', 999,50,201,1,1,647232,78,3,-95,-11,17,1,2752
2024-12-16 11:21:33,4.10772921199479,4.26810464239098,0.0,0.0,0.000000,99,99,0,,,,,,,,,,,,,,,
2024-12-16 11:21:35,4.63029537792984,4.30574077386465,0.0,0.0,0.000000,99,99,0,'NOCONN','TDD', 999,50,201,1,1,647232,78,3,-102,-12,6,1,1919
2024-12-16 11:21:37,5.11936912053148,4.32252972291647,0.0,0.0,0.000000,,,0,'NOCONN','TDD', 999,50,201,1,1,647232,78,3,-105,-14,6,1,1408
2024-12-16 11:21:38,5.38885784564201,4.31186786559207,0.0,0.0,0.000000,99,99,,'NOCONN','TDD', 999,50,201,1,1,647232,78,3,-103,-14,11,1,1728
2024-12-16 11:21:40,5.89482041093533,4.30441503986209,0.0,0.0,0.000000,99,99,0,,,,,,,,,,,,,,,
2024-12-16 11:21:41,6.13687619838081,4.30080295885316,0.0,0.0,0.000000,99,99,0,'NOCONN','TDD', 999,50,201,1,1,647232,78,3,-114,-17,1,1,319
2024-12-16 11:21:44,6.89534933572194,4.27577646097979,0.0,0.0,0.000000,99,99,,'NOCONN','TDD', 999,50,201,1,1,647232,78,3,-109,-14,1,1,959
2024-12-16 11:21:45,7.15293507231315,4.28655112287898,0.0,0.0,0.000000,99,99,0,'NOCONN','TDD', 999,50,201,1,1,647232,78,3,-105,-14,1,1,1408
2024-12-16 11:21:46,7.41137524647265,4.28295610380732,0.0,0.0,0.000000,,,0,'NOCONN','TDD', 999,50,201,1,1,647232,78,3,-109,-16,1,1,959
2024-12-16 11:21:47,7.68360141107255,4.28559450314242,0.0,0.0,0.000000,99,99,0,'NOCONN','TDD', 999,50,201,1,1,647232,78,3,-109,-16,1,1,959
2024-12-16 11:21:49,8.23452957093207,4.28659377808364,0.0,0.0,0.000000,99,99,0,'NOCONN','TDD', 999,50,201,1,1,647232,78,3,-111,-15,1,1,703
2024-12-16 11:21:50,8.49592548885899,4.28787706614451,0.0,0.0,0.000000,99,99,0,,,,,,,,,,,,,,,
2024-12-16 11:22:15,8.74686411007695,4.31405579515037,0.0,0.0,0.000000,99,99,0,'NOCONN','TDD', 999,50,201,1,1,647232,78,3,-109,-20,1,1,959
2024-12-16 11:22:16,9.02962833656161,4.38178506040165,0.0,0.0,0.000000,99,99,0,,,,,,,,,,,,,,,
2024-12-16 11:22:17,9.30948284811614,4.46526338227463,0.0,0.0,0.000000,99,99,0,'NOCONN','TDD', 999,50,201,1,1,647232,78,3,-112,-19,1,1,512
2024-12-16 11:22:18,9.56187747906417,4.54701980245544,0.0,0.0,0.000000,99,99,0,'NOCONN','TDD', 999,50,201,1,1,647232,78,3,-107,-18,1,1,1279
2024-12-16 11:22:21,10.3050821425055,4.65408926335523,0.0,0.0,0.000000,99,99,0,'NOCONN','TDD', 999,50,201,1,1,647232,78,3,-112,-12,2,1,512
2024-12-16 11:22:22,10.545759205603,4.64948781581868,0.0,0.0,0.000000,,,,'NOCONN','TDD', 999,50,201,1,1,647232,78,3,-112,-15,2,1,576
2024-12-16 11:22:23,10.7742864047547,4.66276384029833,0.0,0.0,0.000000,99,99,0,'NOCONN','TDD', 999,50,201,1,1,647232,78,3,-110,-15,1,1,768
2024-12-16 11:22:24,11.0517891224834,4.67928712720563,0.0,0.0,0.000000,,,0,'NOCONN','TDD', 999,50,201,1,1,647232,78,3,-113,-22,1,1,448
2024-12-16 11:22:25,11.3152965031794,4.67597579633777,0.0,0.0,0.000000,,,0,'NOCONN','TDD', 999,50,201,1,1,647232,78,3,-104,-14,1,1,1536
2024-12-16 11:22:27,11.5761033492997,4.69140436124837,0.0,0.0,0.000000,99,99,0,'NOCONN','TDD', 999,50,201,1,1,647232,78,3,-109,-21,1,1,1023
2024-12-16 11:22:28,11.8620339653978,4.72422886305911,0.0,0.0,0.000000,,,0,'NOCONN','TDD', 999,50,201,1,1,647232,78,3,-112,-19,1,1,512
2024-12-16 11:22:29,12.1186399896217,4.77271463677417,0.0,0.0,0.000000,99,99,0,'NOCONN','TDD', 999,50,201,1,1,647232,78,3,-106,-16,1,1,1343
2024-12-16 11:22:30,12.3921926161081,4.84804502999607,0.0,0.0,0.000000,99,99,0,'NOCONN','TDD', 999,50,201,1,1,647232,78,3,-108,-17,1,1,1088
2024-12-16 11:22:31,12.7069118832924,4.94756742642776,0.0,0.0,0.000000,99,99,0,'NOCONN','TDD', 999,50,201,1,1,647232,78,3,-107,-17,1,1,1279
2024-12-16 11:22:32,13.0264614051748,5.01995822262,0.0,0.0,0.000000,99,99,,'NOCONN','TDD', 999,50,201,1,1,647232,78,3,-107,-17,1,1,1279
2024-12-16 11:22:33,13.3022926399664,5.05803785522198,0.0,0.0,0.000000,,,0,,,,,,,,,,,,,,,
2024-12-16 11:22:34,13.5574329278371,5.09293837821746,0.0,0.0,0.000000,99,99,,'NOCONN','TDD', 999,50,201,1,1,647232,78,3,-112,-19,1,1,512
2024-12-16 11:22:35,13.8395304893469,5.14044575193739,0.0,0.0,0.000000,99,99,0,'NOCONN','TDD', 999,50,201,1,1,647232,78,3,-112,-19,1,1,512
2024-12-16 11:22:36,14.0488594209482,5.09614747916229,0.0,0.0,0.000000,99,99,,'NOCONN','TDD', 999,50,201,1,1,647232,78,3,-112,-19,1,1,512
2024-12-16 11:22:37,14.3049755024602,5.07388519956438,0.0,0.0,0.000000,99,99,0,'NOCONN','TDD', 999,50,201,1,1,647232,78,3,-109,-20,1,1,959
2024-12-16 11:22:40,14.8644939016137,4.97197298862342,0.0,0.0,0.000000,99,99,0,'NOCONN','TDD', 999,50,201,1,1,647232,78,3,-112,-24,1,1,512
2024-12-16 11:22:41,15.1484106842518,4.91923477693314,0.0,0.0,0.000000,99,99,0,,,,,,,,,,,,,,,
2024-12-16 11:22:42,15.4227807940417,4.75811279454422,0.0,0.0,0.000000,99,99,0,,,,,,,,,,,,,,,
2024-12-16 11:22:43,15.6675582067424,4.59007793713503,0.0,0.0,0.000000,99,99,0,'NOCONN','TDD', 999,50,201,1,1,647232,78,3,-105,-23,1,1,1408
2024-12-16 11:22:44,15.9081161049154,4.50209448683816,0.0,0.0,0.000000,99,99,0,'NOCONN','TDD', 999,50,201,1,1,647232,78,3,-105,-23,1,1,1408
2024-12-16 11:22:45,16.19034721598,4.37300273841841,0.0,0.0,0.000000,,,0,'NOCONN','TDD', 999,50,201,1,1,647232,78,3,-140,-40,1,1,-3072
2024-12-16 11:22:46,16.4556819066097,4.27468116117825,0.0,0.0,0.000000,99,99,0,'NOCONN','TDD', 999,50,201,1,1,647232,78,3,-140,-40,1,1,-3072
2024-12-16 11:22:48,16.9467903421965,4.07089262881167,0.0,0.0,0.000000,99,99,0,'NOCONN','TDD', 999,50,201,1,1,647232,78,3,-140,-40,1,1,-3072
2024-12-16 11:22:49,17.2220699905275,3.86972961707599,0.0,0.0,0.000000,99,99,0,'NOCONN','TDD', 999,50,201,1,1,647232,78,3,-140,-40,1,1,-3072
2024-12-16 11:22:51,17.3760944917617,3.52351415509705,0.0,0.0,0.000000,99,99,0,'NOCONN','TDD', 999,50,201,1,1,647232,78,3,-140,-40,1,1,-3072
2024-12-16 11:22:52,17.4063032068769,3.27969091392541,0.0,0.0,0.000000,99,99,0,'NOCONN','TDD', 999,50,201,1,1,647232,78,3,-140,-40,1,1,-3072
2024-12-16 11:22:55,17.4181271064778,2.44490409428952,0.0,0.0,0.000000,99,99,0,,,,,,,,,,,,,,,
2024-12-16 11:22:56,17.4430790592601,2.17072646369699,0.0,0.0,0.000000,99,99,0,'NOCONN','TDD', 999,50,201,1,1,647232,78,3,-111,-21,1,1,703
2024-12-16 11:22:57,17.4680411543094,1.88547600126765,0.0,0.0,0.000000,99,99,0,'NOCONN','TDD', 999,50,201,1,1,647232,78,3,-111,-21,1,1,703
2024-12-16 11:22:59,17.4935736837909,1.33235456445492,0.0,0.0,0.000000,,,0,'NOCONN','TDD', 999,50,201,1,1,647232,78,3,-140,-40,1,1,-3072
2024-12-16 11:23:01,17.53267556844,1.03289730711382,0.0,0.0,0.000000,99,99,0,'NOCONN','TDD', 999,50,201,1,1,647232,78,3,-140,-40,1,1,-3072
2024-12-16 11:23:02,17.5647920299502,0.743606214991378,0.0,0.0,0.000000,99,99,0,,,,,,,,,,,,,,,
2024-12-16 11:23:03,17.6041559215945,0.454621393265811,0.0,0.0,0.000000,99,99,,'NOCONN','TDD', 999,50,201,1,1,647232,78,3,-140,-40,1,1,-3072
2024-12-16 11:23:04,17.6574964439358,0.171054479855865,0.0,0.0,0.000000,99,99,,'NOCONN','TDD', 999,50,201,1,1,647232,78,3,-140,-40,1,1,-3072
2024-12-16 11:23:05,17.6854356253029,-0.101934969725217,0.0,0.0,0.000000,99,99,0,'NOCONN','TDD', 999,50,201,1,1,647232,78,3,-140,-40,1,1,-3072
2024-12-16 11:23:06,17.6836537156678,-0.378712482713068,0.0,0.0,0.000000,99,99,0,'NOCONN','TDD', 999,50,201,1,1,647232,78,3,-140,-40,1,1,-3072
2024-12-16 11:23:09,17.661889516404,-1.14536884463023,0.0,0.0,0.000000,99,99,0,'NOCONN','TDD', 999,50,201,1,1,647232,78,3,-140,-40,1,1,-3072
2024-12-16 11:23:10,17.694033680096,-1.38652250129115,0.0,0.0,0.000000,,,0,'NOCONN','TDD', 999,50,201,1,1,647232,78,3,-140,-40,1,1,-3072
2024-12-16 11:23:11,17.7144926025768,-1.64046206269254,0.0,0.0,0.000000,99,99,0,'NOCONN','TDD', 999,50,301,2,1,647232,78,3,-80,-11,27,1,4608
2024-12-16 11:23:12,17.717209693593,-1.88836589993276,0.0,0.0,0.000000,99,99,0,'NOCONN','TDD', 999,50,301,2,1,647232,78,3,-77,-11,27,1,4992
2024-12-16 11:23:14,17.735761344747,-2.15175221889079,0.0,0.0,0.000000,99,99,0,'NOCONN','TDD', 999,50,301,2,1,647232,78,3,-80,-11,31,1,4672
2024-12-16 11:23:16,17.7911444637081,-2.60407651690041,0.0,0.0,0.000000,99,99,0,'NOCONN','TDD', 999,50,301,2,1,647232,78,3,-89,-11,28,1,3519
2024-12-16 11:23:17,17.8122057589106,-2.83675175221271,0.0,0.0,0.000000,,,0,'NOCONN','TDD', 999,50,301,2,1,647232,78,3,-86,-10,30,1,3903
2024-12-16 11:23:19,17.7154590915891,-3.29191573668272,0.0,0.0,0.000000,,,,'NOCONN','TDD', 999,50,301,2,1,647232,78,3,-84,-11,28,1,4159
2024-12-16 11:23:20,17.6631770407445,-3.38715555690335,0.0,0.0,0.000000,99,99,0,'NOCONN','TDD', 999,50,301,2,1,647232,78,3,-82,-11,34,1,4416
2024-12-16 11:23:21,17.8405322932001,-3.5837972681937,0.0,0.0,0.000000,99,99,0,'NOCONN','TDD', 999,50,301,2,1,647232,78,3,-83,-11,34,1,4288
2024-12-16 11:23:22,17.8432527759672,-3.60958547717681,0.0,0.0,0.000000,,,0,'NOCONN','TDD', 999,50,301,2,1,647232,78,3,-85,-11,34,1,4032
2024-12-16 11:23:46,17.8433457691586,-3.61782600681911,0.0,0.0,0.000000,,,,'NOCONN','TDD', 999,50,301,2,1,647232,78,3,-83,-11,30,1,4288
2024-12-16 11:23:47,17.8277840000686,-3.64397303398526,0.0,0.0,0.000000,99,99,0,'NOCONN','TDD', 999,50,301,2,1,647232,78,3,-83,-11,30,1,4288
2024-12-16 11:23:48,17.8407971980996,-3.61944245833617,0.0,0.0,0.000000,99,99,0,'NOCONN','TDD', 999,50,301,2,1,647232,78,3,-84,-11,25,1,4159
2024-12-16 11:23:50,17.6915864449674,-3.47748696231447,0.0,0.0,0.000000,,,0,'NOCONN','TDD', 999,50,301,2,1,647232,78,3,-92,-11,25,1,3136
2024-12-16 11:23:52,17.129776501217,-3.40600828476202,0.0,0.0,0.000000,99,99,,'NOCONN','TDD', 999,50,301,2,1,647232,78,3,-86,-11,25,1,3903
2024-12-16 11:23:53,16.8428146305416,-3.40337525862596,0.0,0.0,0.000000,99,99,0,'NOCONN','TDD', 999,50,301,2,1,647232,78,3,-92,-11,25,1,3199
2024-12-16 11:23:54,16.5603202067165,-3.38778033603801,0.0,0.0,0.000000,99,99,,'NOCONN','TDD', 999,50,301,2,1,647232,78,3,-91,-11,20,1,3263
2024-12-16 11:23:55,16.2682467643102,-3.40034542951024,0.0,0.0,0.000000,99,99,0,'NOCONN','TDD', 999,50,301,2,1,647232,78,3,-91,-11,26,1,3263
2024-12-16 11:23:56,15.9939793006468,-3.40743039749091,0.0,0.0,0.000000,99,99,0,'NOCONN','TDD', 999,50,301,2,1,647232,78,3,-94,-11,26,1,2943
2024-12-16 11:23:57,15.7441847273011,-3.44627990325236,0.0,0.0,0.000000,,,,,,,,,,,,,,,,,,
2024-12-16 11:23:58,15.4779286778792,-3.50017121862914,0.0,0.0,0.000000,,,0,'NOCONN','TDD', 999,50,301,2,1,647232,78,3,-87,-11,15,1,3776
2024-12-16 11:23:59,15.2491877322193,-3.56323864695891,0.0,0.0,0.000000,99,99,0,'NOCONN','TDD', 999,50,301,2,1,647232,78,3,-94,-11,23,1,2879
2024-12-16 11:24:00,14.9908713409495,-3.61365797545166,0.0,0.0,0.000000,99,99,0,'NOCONN','TDD', 999,50,301,2,1,647232,78,3,-94,-11,23,1,2943
2024-12-16 11:24:03,14.4768790094246,-3.79101634837425,0.0,0.0,0.000000,99,99,0,'NOCONN','TDD', 999,50,301,2,1,647232,78,3,-90,-11,21,1,3392
2024-12-16 11:24:04,14.2313985465952,-3.88775888119254,0.0,0.0,0.000000,99,99,0,'NOCONN','TDD', 999,50,301,2,1,647232,78,3,-89,-11,21,1,3456
2024-12-16 11:24:05,13.9661781993894,-3.9448046245682,0.0,0.0,0.000000,99,99,,'NOCONN','TDD', 999,50,301,2,1,647232,78,3,-94,-11,25,1,2879
2024-12-16 11:24:06,13.6821067707045,-3.9688302761452,0.0,0.0,0.000000,99,99,0,,,,,,,,,,,,,,,
2024-12-16 11:24:07,13.3979952970395,-3.95302772397885,0.0,0.0,0.000000,99,99,0,'NOCONN','TDD', 999,50,301,2,1,647232,78,3,-93,-11,17,1,3008
2024-12-16 11:24:08,13.1417972429829,-3.93609762963161,0.0,0.0,0.000000,99,99,0,'NOCONN','TDD', 999,50,301,2,1,647232,78,3,-93,-11,20,1,3008
2024-12-16 11:24:09,12.8998216011637,-3.88443383488741,0.0,0.0,0.000000,99,99,0,'NOCONN','TDD', 999,50,301,2,1,647232,78,3,-93,-11,25,1,3008
2024-12-16 11:24:11,12.3688357278924,-3.84964071120246,0.0,0.0,0.000000,99,99,0,'NOCONN','TDD', 999,50,301,2,1,647232,78,3,-95,-11,23,1,2688
2024-12-16 11:24:13,11.8633343451932,-3.85186927853065,0.0,0.0,0.000000,99,99,0,'NOCONN','TDD', 999,50,301,2,1,647232,78,3,-98,-11,23,1,2368
2024-12-16 11:24:14,11.6045248992441,-3.84437082006962,0.0,0.0,0.000000,99,99,0,'NOCONN','TDD', 999,50,301,2,1,647232,78,3,-105,-11,17,1,1472
2024-12-16 11:24:15,11.3564593933187,-3.87851221854194,0.0,0.0,0.000000,99,99,0,'NOCONN','TDD', 999,50,301,2,1,647232,78,3,-105,-11,17,1,1472
2024-12-16 11:24:16,11.1017524017932,-3.82925884369008,0.0,0.0,0.000000,99,99,0,'NOCONN','TDD', 999,50,301,2,1,647232,78,3,-98,-11,15,1,2368
2024-12-16 11:24:18,10.8215051442546,-3.81310901690092,0.0,0.0,0.000000,99,99,0,'NOCONN','TDD', 999,50,301,2,1,647232,78,3,-104,-11,17,1,1599
2024-12-16 11:24:19,10.5131772687205,-3.86349934781428,0.0,0.0,0.000000,99,99,0,,,,,,,,,,,,,,,
2024-12-16 11:24:20,10.2487086343509,-3.80392500814155,0.0,0.0,0.000000,99,99,0,,,,,,,,,,,,,,,
2024-12-16 11:24:21,9.95906289537982,-3.7781367811123,0.0,0.0,0.000000,99,99,,'NOCONN','TDD', 999,50,301,2,1,647232,78,3,-97,-11,16,1,2432
2024-12-16 11:24:22,9.67410010425129,-3.79242168617886,0.0,0.0,0.000000,99,99,0,'NOCONN','TDD', 999,50,301,2,1,647232,78,3,-97,-11,14,1,2432
2024-12-16 11:24:23,9.3825505724257,-3.79481009806938,0.0,0.0,0.000000,99,99,0,'NOCONN','TDD', 999,50,301,2,1,647232,78,3,-92,-11,14,1,3199
2024-12-16 11:24:24,9.06036474458218,-3.86467556649257,0.0,0.0,0.000000,99,99,0,'NOCONN','TDD', 999,50,301,2,1,647232,78,3,-95,-11,17,1,2688
2024-12-16 11:24:25,8.75181657675925,-3.68074227388532,0.0,0.0,0.000000,99,99,0,'NOCONN','TDD', 999,50,301,2,1,647232,78,3,-97,-12,17,1,2496
2024-12-16 11:24:26,8.45007380352372,-3.67542770633105,0.0,0.0,0.000000,,,0,'NOCONN','TDD', 999,50,301,2,1,647232,78,3,-93,-11,8,1,3008
2024-12-16 11:24:27,8.16872001543213,-3.69750454959242,0.0,0.0,0.000000,99,99,,'NOCONN','TDD', 999,50,301,2,1,647232,78,3,-99,-11,12,1,2239
2024-12-16 11:24:28,7.87107140561175,-3.69897757162638,0.0,0.0,0.000000,99,99,0,'NOCONN','TDD', 999,50,301,2,1,647232,78,3,-99,-11,12,1,2239
2024-12-16 11:24:30,7.61855618510028,-3.68191580022855,0.0,0.0,0.000000,99,99,0,'NOCONN','TDD', 999,50,301,2,1,647232,78,3,-99,-11,15,1,2303
2024-12-16 11:24:32,7.09239984885454,-3.68650995607097,0.0,0.0,0.000000,99,99,0,'NOCONN','TDD', 999,50,301,2,1,647232,78,3,-99,-11,15,1,2303
2024-12-16 11:24:33,6.8374755596488,-3.65904233668092,0.0,0.0,0.000000,,,0,'NOCONN','TDD', 999,50,301,2,1,647232,78,3,-105,-12,15,1,1472
2024-12-16 11:24:34,6.60045018666913,-3.64598824347265,0.0,0.0,0.000000,99,99,0,'NOCONN','TDD', 999,50,301,2,1,647232,78,3,-102,-12,1,1,1919
2024-12-16 11:24:35,6.33158503116165,-3.6237829286035,0.0,0.0,0.000000,99,99,0,'NOCONN','TDD', 999,50,301,2,1,647232,78,3,-93,-11,9,1,3008
2024-12-16 11:24:36,6.0448386769575,-3.61291026607197,0.0,0.0,0.000000,99,99,0,'NOCONN','TDD', 999,50,301,2,1,647232,78,3,-101,-11,9,1,1983
2024-12-16 11:24:37,5.7543481013717,-3.60603000229079,0.0,0.0,0.000000,99,99,0,'NOCONN','TDD', 999,50,301,2,1,647232,78,3,-104,-12,15,1,1663
2024-12-16 11:24:38,5.47982727466575,-3.60138298957042,0.0,0.0,0.000000,99,99,,'NOCONN','TDD', 999,50,301,2,1,647232,78,3,-104,-12,15,1,1663
2024-12-16 11:24:39,5.19970706230732,-3.59203453907799,0.0,0.0,0.000000,99,99,0,'NOCONN','TDD', 999,50,301,2,1,647232,78,3,-107,-12,5,1,1152
2024-12-16 11:24:41,4.90874961903138,-3.61126436047111,0.0,0.0,0.000000,99,99,0,'NOCONN','TDD', 999,50,301,2,1,647232,78,3,-102,-14,8,1,1919
2024-12-16 11:24:42,4.65542338469255,-3.6036389513994,0.0,0.0,0.000000,,,0,'NOCONN','TDD', 999,50,301,2,1,647232,78,3,-99,-12,12,1,2176
2024-12-16 11:24:43,4.40130759212485,-3.5958599960044,0.0,0.0,0.000000,99,99,0,'NOCONN','TDD', 999,50,301,2,1,647232,78,3,-97,-14,7,1,2432
2024-12-16 11:24:44,4.12387551204467,-3.59136944361262,0.0,0.0,0.000000,99,99,0,'NOCONN','TDD', 999,50,301,2,1,647232,78,3,-97,-14,1,1,2432
2024-12-16 11:24:45,3.85344061454962,-3.56946008855742,0.0,0.0,0.000000,99,99,0,'NOCONN','TDD', 999,50,301,2,1,647232,78,3,-102,-14,1,1,1856
2024-12-16 11:24:46,3.58477424704372,-3.56049919180398,0.0,0.0,0.000000,99,99,0,'NOCONN','TDD', 999,50,301,2,1,647232,78,3,-104,-16,6,1,1663
2024-12-16 11:24:48,3.03048289487887,-3.54671744643752,0.0,0.0,0.000000,99,99,0,'NOCONN','TDD', 999,50,301,2,1,647232,78,3,-104,-17,6,1,1663
2024-12-16 11:24:49,2.71669693010858,-3.61584974139305,0.0,0.0,0.000000,,,,'NOCONN','TDD', 999,50,301,2,1,647232,78,3,-103,-17,1,1,1728
2024-12-16 11:24:50,2.44541730340269,-3.63177293793764,0.0,0.0,0.000000,,,0,'NOCONN','TDD', 999,50,301,2,1,647232,78,3,-102,-17,3,1,1792
2024-12-16 11:24:52,2.18120682107196,-3.62254043537553,0.0,0.0,0.000000,,,,'NOCONN','TDD', 999,50,301,2,1,647232,78,3,-100,-12,1,1,2048
2024-12-16 11:24:53,2.04796114731863,-3.62489055115228,0.0,0.0,0.000000,99,99,0,,,,,,,,,,,,,,,
2024-12-16 11:24:54,1.8939810698599,-3.59348881065318,0.0,0.0,0.000000,99,99,,'NOCONN','TDD', 999,50,301,2,1,647232,78,3,-97,-11,1,1,2559
2024-12-16 11:25:19,1.94457809884459,-3.53829640986382,0.0,0.0,0.000000,,,0,'NOCONN','TDD', 999,50,301,2,1,647232,78,3,-98,-13,1,1,2368
2024-12-16 11:25:20,1.96876209781722,-3.49612289247088,0.0,0.0,0.000000,99,99,,'NOCONN','TDD', 999,50,301,2,1,647232,78,3,-98,-16,1,1,2368
2024-12-16 11:25:21,2.04612738973479,-3.04642593734779,0.0,0.0,0.000000,99,99,0,,,,,,,,,,,,,,,
2024-12-16 11:25:22,2.05074640528829,-2.75918048733999,0.0,0.0,0.000000,99,99,0,'NOCONN','TDD', 999,50,301,2,1,647232,78,3,-97,-11,1,1,2559
2024-12-16 11:25:23,2.09330223464522,-2.47056322202075,0.0,0.0,0.000000,99,99,,'NOCONN','TDD', 999,50,301,2,1,647232,78,3,-97,-11,10,1,2559
2024-12-16 11:25:24,2.12200477893632,-2.19916261727653,0.0,0.0,0.000000,,,0,'NOCONN','TDD', 999,50,301,2,1,647232,78,3,-107,-16,1,1,1216
2024-12-16 11:25:27,2.12956504561037,-1.65334472411962,0.0,0.0,0.000000,99,99,,'NOCONN','TDD', 999,50,301,2,1,647232,78,3,-109,-12,1,1,1023
2024-12-16 11:25:28,2.13857245860922,-1.39659048661354,0.0,0.0,0.000000,,,0,'NOCONN','TDD', 999,50,301,2,1,647232,78,3,-107,-23,1,1,1152
2024-12-16 11:25:29,2.16569794462233,-1.12641170303698,0.0,0.0,0.000000,99,99,0,'NOCONN','TDD', 999,50,301,2,1,647232,78,3,-105,-21,1,1,1408
2024-12-16 11:25:30,2.19091108595627,-0.84819083079192,0.0,0.0,0.000000,99,99,0,'NOCONN','TDD', 999,50,301,2,1,647232,78,3,-105,-21,1,1,1408
2024-12-16 11:25:31,2.19168750600523,-0.589175837528213,0.0,0.0,0.000000,,,0,'NOCONN','TDD', 999,50,301,2,1,647232,78,3,-105,-21,1,1,1408
2024-12-16 11:25:32,2.19823882320573,-0.337766398135639,0.0,0.0,0.000000,99,99,0,'NOCONN','TDD', 999,50,301,2,1,647232,78,3,-140,-40,1,1,-3072
2024-12-16 11:25:33,2.23534863881156,-0.0726453523783054,0.0,0.0,0.000000,99,99,0,'NOCONN','TDD', 999,50,301,2,1,647232,78,3,-140,-40,1,1,-3072
2024-12-16 11:25:34,2.29750787960742,0.179641628571892,0.0,0.0,0.000000,99,99,,'NOCONN','TDD', 999,50,301,2,1,647232,78,3,-112,-20,1,1,639
2024-12-16 11:25:36,2.35591175668981,0.475148217167813,0.0,0.0,0.000000,,,0,'NOCONN','TDD', 999,50,301,2,1,647232,78,3,-112,-20,1,1,639
2024-12-16 11:25:37,2.38647554134653,0.749918366662483,0.0,0.0,0.000000,99,99,0,'NOCONN','TDD', 999,50,301,2,1,647232,78,3,-114,-22,1,1,383
2024-12-16 11:25:39,2.37583869749174,0.466374549180591,0.0,0.0,0.000000,99,99,0,'NOCONN','TDD', 999,50,301,2,1,647232,78,3,-140,-40,1,1,-3072
2024-12-16 11:25:40,2.24059731533728,-0.378185479559961,0.0,0.0,0.000000,99,99,0,,,,,,,,,,,,,,,
2024-12-16 11:25:41,2.00363798662835,-1.30438337210307,0.0,0.0,0.000000,99,99,0,'NOCONN','TDD', 999,50,301,2,1,647232,78,3,-110,-24,1,1,768
